deployment_id,pipeline_id,service,deploy_timestamp,deployed_by,environment,status,commit_id,branch
DEP-PIPE-1001-001,PIPE-1001,inventory-db-migrator,2026-08-01 10:58:47,glory_ops,staging,Skipped,ccb2b4,main
DEP-PIPE-1002-002,PIPE-1002,auth-service,2026-08-01 13:37:00,maya_eng,production,Skipped,c5798b,main
DEP-PIPE-1003-003,PIPE-1003,auth-servicee,2026-08-01 15:20:23,saanvi_lead,development,Success,c7e3f9,main
DEP-PIPE-1004-004,PIPE-1004,payment-apie,2026-08-01 19:00:11,jordan_qa,development,Skipped,c522c8,main
DEP-PIPE-1005-005,PIPE-1005,inventory-db-migratore,2026-08-01 20:26:23,alex_dev,development,Success,c74241,hotfix/payment-timeout
DEP-PIPE-1006-006,PIPE-1006,inventory-db-migratore,2026-08-01 22:54:30,system_bot,development,Skipped,cef392,feature/auth-refresh
DEP-PIPE-1007-007,PIPE-1007,auth-service,2026-08-02 00:45:26,maya_eng,production,Success,c22059,main
DEP-PIPE-1008-008,PIPE-1008,auth-service,2026-08-02 04:19:05,glory_ops,production,Success,ceeda2,main
DEP-PIPE-1009-009,PIPE-1009,auth-service,2026-08-02 06:00:34,glory_ops,production,Skipped,c99f37,hotfix/payment-timeout
DEP-PIPE-1010-010,PIPE-1010,web-frontend,2026-08-02 07:42:34,glory_ops,production,Failed,ce991f,main
DEP-PIPE-1011-011,PIPE-1011,web-frontend,2026-08-02 09:08:38,maya_eng,production,Success,cc061b,feature/auth-refresh
DEP-PIPE-1012-012,PIPE-1012,inventory-db-migrator,2026-08-02 12:41:37,saanvi_lead,production,Success,c84dd1,feature/auth-refresh
DEP-PIPE-1013-013,PIPE-1013,web-frontend,2026-08-02 15:37:52,maya_eng,production,Success,c46a7f,main
DEP-PIPE-1014-014,PIPE-1014,inventory-db-migrator,2026-08-02 19:16:30,system_bot,production,Skipped,ccd2eb,feature/auth-refresh
DEP-PIPE-1015-015,PIPE-1015,web-frontend,2026-08-02 20:21:53,alex_dev,production,Skipped,c5eeb6,main
DEP-PIPE-1016-016,PIPE-1016,inventory-db-migratore,2026-08-02 23:50:13,glory_ops,development,Skipped,c3cd37,hotfix/payment-timeout
DEP-PIPE-1017-017,PIPE-1017,auth-service,2026-08-03 02:03:12,saanvi_lead,production,Skipped,ce1d11,main
DEP-PIPE-1018-018,PIPE-1018,user-profile,2026-08-03 04:57:42,maya_eng,production,Success,c635ab,main
DEP-PIPE-1019-019,PIPE-1019,payment-api,2026-08-03 06:54:10,saanvi_lead,production,Success,c21b76,main
DEP-PIPE-1020-020,PIPE-1020,inventory-db-migrator,2026-08-03 09:59:59,system_bot,production,Success,ccd991,main
DEP-PIPE-1021-021,PIPE-1021,inventory-db-migratore,2026-08-03 11:21:16,maya_eng,development,Success,c3d12f,feature/auth-refresh
DEP-PIPE-1022-022,PIPE-1022,auth-service,2026-08-03 14:00:39,maya_eng,production,Skipped,c6639a,release/v2.1
DEP-PIPE-1023-023,PIPE-1023,auth-service,2026-08-03 16:44:06,alex_dev,staging,Success,c3d640,main
DEP-PIPE-1024-024,PIPE-1024,notification-workere,2026-08-03 19:56:06,jordan_qa,development,Success,cb4ad5,main
DEP-PIPE-1025-025,PIPE-1025,user-profile,2026-08-03 22:50:46,saanvi_lead,production,Failed,c19c61,main
DEP-PIPE-1026-026,PIPE-1026,web-frontend,2026-08-04 01:22:42,system_bot,production,Success,c3c8ab,main
DEP-PIPE-1027-027,PIPE-1027,cart-servicee,2026-08-04 03:06:17,glory_ops,development,Success,c353b1,hotfix/payment-timeout
DEP-PIPE-1028-028,PIPE-1028,cart-service,2026-08-04 04:40:03,system_bot,production,Success,c7f418,main
DEP-PIPE-1029-029,PIPE-1029,payment-api,2026-08-04 08:04:36,jordan_qa,production,Success,c39fe5,main
DEP-PIPE-1030-030,PIPE-1030,inventory-db-migrator,2026-08-04 12:10:51,alex_dev,staging,Success,c4ffdd,main
DEP-PIPE-1031-031,PIPE-1031,inventory-db-migrator,2026-08-04 14:00:48,alex_dev,production,Failed,cc0b80,main
DEP-PIPE-1032-032,PIPE-1032,notification-worker,2026-08-04 17:50:13,jordan_qa,production,Skipped,c49f77,main
DEP-PIPE-1033-033,PIPE-1033,notification-workere,2026-08-04 20:44:27,maya_eng,development,Success,c2afcd,release/v2.1
DEP-PIPE-1034-034,PIPE-1034,cart-service,2026-08-05 00:02:16,system_bot,production,Failed,c8abd4,main
DEP-PIPE-1035-035,PIPE-1035,auth-service,2026-08-05 02:57:33,maya_eng,staging,Success,cbaf3b,release/v2.1
DEP-PIPE-1036-036,PIPE-1036,notification-worker,2026-08-05 06:26:18,jordan_qa,production,Success,ca53a7,main
DEP-PIPE-1037-037,PIPE-1037,cart-servicee,2026-08-05 08:22:00,system_bot,development,Success,cada2d,main
DEP-PIPE-1038-038,PIPE-1038,auth-service,2026-08-05 10:59:31,saanvi_lead,production,Success,cf0bb8,main
DEP-PIPE-1039-039,PIPE-1039,payment-api,2026-08-05 13:56:14,saanvi_lead,production,Success,ca1dd5,hotfix/payment-timeout
DEP-PIPE-1040-040,PIPE-1040,auth-service,2026-08-05 15:21:56,system_bot,production,Success,cacd07,feature/auth-refresh
DEP-PIPE-1041-041,PIPE-1041,web-frontende,2026-08-05 17:01:11,saanvi_lead,development,Success,cbb636,main
DEP-PIPE-1042-042,PIPE-1042,payment-api,2026-08-05 20:07:17,system_bot,production,Skipped,ceab0b,release/v2.1
DEP-PIPE-1043-043,PIPE-1043,notification-worker,2026-08-05 22:02:42,maya_eng,production,Failed,c6787c,main
DEP-PIPE-1044-044,PIPE-1044,user-profile,2026-08-06 01:54:37,saanvi_lead,production,Failed,ce3684,main
DEP-PIPE-1045-045,PIPE-1045,inventory-db-migrator,2026-08-06 05:06:04,alex_dev,production,Success,c87ab3,feature/auth-refresh
DEP-PIPE-1046-046,PIPE-1046,user-profile,2026-08-06 07:16:05,jordan_qa,production,Success,c2da6c,main
DEP-PIPE-1047-047,PIPE-1047,inventory-db-migrator,2026-08-06 08:51:39,glory_ops,production,Failed,c8153d,main
DEP-PIPE-1048-048,PIPE-1048,notification-workere,2026-08-06 11:01:49,jordan_qa,development,Success,cacdff,hotfix/payment-timeout
DEP-PIPE-1049-049,PIPE-1049,payment-apie,2026-08-06 13:32:45,maya_eng,development,Success,c5dcba,feature/auth-refresh
DEP-PIPE-1050-050,PIPE-1050,payment-api,2026-08-06 14:35:11,maya_eng,production,Success,c2417d,main
DEP-PIPE-1051-051,PIPE-1051,inventory-db-migrator,2026-08-06 18:07:26,maya_eng,production,Success,c64533,hotfix/payment-timeout
DEP-PIPE-1052-052,PIPE-1052,inventory-db-migratore,2026-08-06 21:59:39,jordan_qa,development,Skipped,cac6b5,release/v2.1
DEP-PIPE-1053-053,PIPE-1053,cart-service,2026-08-07 01:04:28,maya_eng,production,Success,ca994c,hotfix/payment-timeout
DEP-PIPE-1054-054,PIPE-1054,auth-service,2026-08-07 03:08:56,system_bot,production,Failed,c7dc9f,release/v2.1
DEP-PIPE-1055-055,PIPE-1055,web-frontend,2026-08-07 05:29:14,alex_dev,production,Success,cb06ad,hotfix/payment-timeout
DEP-PIPE-1056-056,PIPE-1056,web-frontend,2026-08-07 07:15:47,alex_dev,production,Success,c5ad17,main
DEP-PIPE-1057-057,PIPE-1057,cart-service,2026-08-07 10:15:33,jordan_qa,production,Success,c21f36,hotfix/payment-timeout
DEP-PIPE-1058-058,PIPE-1058,web-frontend,2026-08-07 12:29:13,saanvi_lead,staging,Success,c89661,hotfix/payment-timeout
DEP-PIPE-1059-059,PIPE-1059,auth-service,2026-08-07 14:46:15,maya_eng,production,Success,cb33aa,release/v2.1
DEP-PIPE-1060-060,PIPE-1060,web-frontend,2026-08-07 17:53:05,saanvi_lead,production,Success,cc4a63,main
DEP-PIPE-1061-061,PIPE-1061,auth-service,2026-08-07 20:48:28,system_bot,production,Failed,cadf2c,release/v2.1
DEP-PIPE-1062-062,PIPE-1062,web-frontend,2026-08-07 23:12:05,jordan_qa,production,Failed,c26929,feature/auth-refresh
DEP-PIPE-1063-063,PIPE-1063,cart-service,2026-08-08 01:14:41,jordan_qa,production,Success,c2a0d0,main
DEP-PIPE-1064-064,PIPE-1064,payment-api,2026-08-08 04:45:17,alex_dev,production,Success,cbf930,hotfix/payment-timeout
DEP-PIPE-1065-065,PIPE-1065,auth-service,2026-08-08 08:08:48,glory_ops,production,Failed,cc2d5d,hotfix/payment-timeout
DEP-PIPE-1066-066,PIPE-1066,notification-workere,2026-08-08 09:54:33,saanvi_lead,development,Success,cea9b8,main
DEP-PIPE-1067-067,PIPE-1067,web-frontend,2026-08-08 11:32:55,saanvi_lead,production,Failed,c4f136,hotfix/payment-timeout
DEP-PIPE-1068-068,PIPE-1068,user-profile,2026-08-08 15:24:11,jordan_qa,production,Failed,cdb71b,hotfix/payment-timeout
DEP-PIPE-1069-069,PIPE-1069,web-frontend,2026-08-08 19:02:45,system_bot,production,Success,cb893f,main
DEP-PIPE-1070-070,PIPE-1070,web-frontend,2026-08-08 22:46:35,saanvi_lead,staging,Success,cce175,feature/auth-refresh
DEP-PIPE-1071-071,PIPE-1071,payment-api,2026-08-09 01:49:50,maya_eng,production,Success,ce2cc5,release/v2.1
DEP-PIPE-1072-072,PIPE-1072,cart-service,2026-08-09 03:04:10,saanvi_lead,production,Success,c8b511,main
DEP-PIPE-1073-073,PIPE-1073,user-profile,2026-08-09 03:56:16,system_bot,staging,Success,c28c00,main
DEP-PIPE-1074-074,PIPE-1074,auth-service,2026-08-09 05:56:19,maya_eng,production,Failed,c1d0f9,release/v2.1
DEP-PIPE-1075-075,PIPE-1075,auth-service,2026-08-09 07:26:00,alex_dev,production,Success,c8137c,hotfix/payment-timeout
DEP-PIPE-1076-076,PIPE-1076,auth-service,2026-08-09 10:08:19,glory_ops,production,Success,c20a9b,feature/auth-refresh
DEP-PIPE-1077-077,PIPE-1077,user-profile,2026-08-09 11:44:28,saanvi_lead,production,Skipped,c6f920,feature/auth-refresh
DEP-PIPE-1078-078,PIPE-1078,user-profile,2026-08-09 15:17:45,maya_eng,production,Success,c71a26,hotfix/payment-timeout
DEP-PIPE-1079-079,PIPE-1079,inventory-db-migrator,2026-08-09 17:56:38,alex_dev,production,Success,c86812,feature/auth-refresh
DEP-PIPE-1080-080,PIPE-1080,web-frontende,2026-08-09 20:56:04,maya_eng,development,Success,c298da,hotfix/payment-timeout
DEP-PIPE-1081-081,PIPE-1081,notification-worker,2026-08-10 00:58:23,alex_dev,production,Success,c4bb51,feature/auth-refresh
DEP-PIPE-1082-082,PIPE-1082,user-profile,2026-08-10 04:16:53,jordan_qa,staging,Success,c790bf,feature/auth-refresh
DEP-PIPE-1083-083,PIPE-1083,payment-apie,2026-08-10 05:31:43,jordan_qa,development,Success,ce968f,release/v2.1
DEP-PIPE-1084-084,PIPE-1084,cart-service,2026-08-10 07:22:02,maya_eng,staging,Success,c84a54,main
DEP-PIPE-1085-085,PIPE-1085,cart-servicee,2026-08-10 10:22:26,system_bot,development,Success,c5b19a,main
DEP-PIPE-1086-086,PIPE-1086,cart-service,2026-08-10 13:50:30,maya_eng,production,Skipped,c88c74,release/v2.1
DEP-PIPE-1087-087,PIPE-1087,user-profilee,2026-08-10 15:30:24,alex_dev,development,Success,cdeeb9,feature/auth-refresh
DEP-PIPE-1088-088,PIPE-1088,web-frontend,2026-08-10 17:58:47,glory_ops,production,Skipped,cecc4f,feature/auth-refresh
DEP-PIPE-1089-089,PIPE-1089,auth-service,2026-08-10 19:15:04,system_bot,production,Success,c998c8,main
DEP-PIPE-1090-090,PIPE-1090,user-profilee,2026-08-10 23:02:08,jordan_qa,development,Success,cd711e,main
DEP-PIPE-1091-091,PIPE-1091,cart-service,2026-08-11 00:50:36,system_bot,production,Failed,ceab74,release/v2.1
DEP-PIPE-1092-092,PIPE-1092,user-profile,2026-08-11 02:07:57,saanvi_lead,production,Skipped,c8b244,hotfix/payment-timeout
DEP-PIPE-1093-093,PIPE-1093,inventory-db-migrator,2026-08-11 04:57:46,maya_eng,production,Failed,cd79d0,feature/auth-refresh
DEP-PIPE-1094-094,PIPE-1094,inventory-db-migrator,2026-08-11 08:08:57,saanvi_lead,production,Success,c38f19,main
DEP-PIPE-1095-095,PIPE-1095,user-profile,2026-08-11 11:03:58,glory_ops,production,Success,c8ac92,hotfix/payment-timeout
DEP-PIPE-1096-096,PIPE-1096,auth-service,2026-08-11 13:26:57,maya_eng,staging,Success,ce44ab,release/v2.1
DEP-PIPE-1097-097,PIPE-1097,web-frontende,2026-08-11 17:17:19,saanvi_lead,development,Success,c39d75,main
DEP-PIPE-1098-098,PIPE-1098,inventory-db-migrator,2026-08-11 19:44:10,maya_eng,production,Success,c9a83d,hotfix/payment-timeout
DEP-PIPE-1099-099,PIPE-1099,notification-worker,2026-08-11 23:24:24,system_bot,production,Skipped,cb8230,main
DEP-PIPE-1100-100,PIPE-1100,notification-worker,2026-08-12 02:59:51,jordan_qa,production,Failed,c9e933,hotfix/payment-timeout
DEP-PIPE-1101-101,PIPE-1101,auth-service,2026-08-12 05:14:37,saanvi_lead,production,Failed,c41025,main
DEP-PIPE-1102-102,PIPE-1102,auth-service,2026-08-12 07:43:00,maya_eng,staging,Skipped,cab8b4,main
DEP-PIPE-1103-103,PIPE-1103,payment-api,2026-08-12 10:41:27,glory_ops,production,Skipped,ce5a08,hotfix/payment-timeout
DEP-PIPE-1104-104,PIPE-1104,user-profilee,2026-08-12 12:29:38,system_bot,development,Success,c64087,hotfix/payment-timeout
DEP-PIPE-1105-105,PIPE-1105,auth-service,2026-08-12 15:09:04,jordan_qa,production,Skipped,c52f07,main
DEP-PIPE-1106-106,PIPE-1106,auth-servicee,2026-08-12 16:25:51,jordan_qa,development,Skipped,cbd51d,main
DEP-PIPE-1107-107,PIPE-1107,notification-worker,2026-08-12 19:59:20,glory_ops,production,Success,cf2888,main
DEP-PIPE-1108-108,PIPE-1108,auth-service,2026-08-12 23:28:01,jordan_qa,production,Skipped,c1d0ce,hotfix/payment-timeout
DEP-PIPE-1109-109,PIPE-1109,notification-worker,2026-08-13 01:10:46,maya_eng,production,Skipped,ce0169,release/v2.1
DEP-PIPE-1110-110,PIPE-1110,payment-apie,2026-08-13 03:22:42,jordan_qa,development,Success,cb3faf,main
DEP-PIPE-1111-111,PIPE-1111,notification-worker,2026-08-13 07:05:24,system_bot,production,Success,c7cd04,release/v2.1
DEP-PIPE-1112-112,PIPE-1112,cart-service,2026-08-13 08:43:06,alex_dev,production,Skipped,ca7da0,release/v2.1
DEP-PIPE-1113-113,PIPE-1113,cart-service,2026-08-13 12:25:48,jordan_qa,production,Success,c5a524,release/v2.1
DEP-PIPE-1114-114,PIPE-1114,user-profile,2026-08-13 16:17:38,system_bot,production,Success,cc65dd,main
DEP-PIPE-1115-115,PIPE-1115,cart-servicee,2026-08-13 17:24:53,maya_eng,development,Skipped,c59134,main
DEP-PIPE-1116-116,PIPE-1116,inventory-db-migrator,2026-08-13 19:16:11,system_bot,staging,Success,cd7de0,main
DEP-PIPE-1117-117,PIPE-1117,inventory-db-migrator,2026-08-13 21:32:33,jordan_qa,production,Success,ce2810,release/v2.1
DEP-PIPE-1118-118,PIPE-1118,notification-worker,2026-08-13 22:47:29,maya_eng,staging,Skipped,c7b511,feature/auth-refresh
DEP-PIPE-1119-119,PIPE-1119,notification-worker,2026-08-14 01:42:16,alex_dev,production,Success,c3e2e4,hotfix/payment-timeout
DEP-PIPE-1120-120,PIPE-1120,payment-api,2026-08-14 04:15:18,jordan_qa,staging,Success,c78e64,main
DEP-PIPE-1121-121,PIPE-1121,notification-worker,2026-08-14 06:50:03,glory_ops,staging,Success,c1b6e8,release/v2.1
DEP-PIPE-1122-122,PIPE-1122,notification-worker,2026-08-14 07:59:19,maya_eng,production,Success,c2c811,main
DEP-PIPE-1123-123,PIPE-1123,payment-apie,2026-08-14 10:38:46,alex_dev,development,Success,c68caf,feature/auth-refresh
DEP-PIPE-1124-124,PIPE-1124,user-profile,2026-08-14 12:26:55,jordan_qa,production,Skipped,c3e601,release/v2.1
DEP-PIPE-1125-125,PIPE-1125,auth-service,2026-08-14 15:01:07,system_bot,staging,Success,cb0e90,main
DEP-PIPE-1126-126,PIPE-1126,auth-service,2026-08-14 18:42:20,system_bot,production,Success,c262c6,feature/auth-refresh
DEP-PIPE-1127-127,PIPE-1127,notification-worker,2026-08-14 22:06:09,jordan_qa,production,Success,ce3243,feature/auth-refresh
DEP-PIPE-1128-128,PIPE-1128,web-frontend,2026-08-14 23:29:39,saanvi_lead,production,Success,ce76e6,main
DEP-PIPE-1129-129,PIPE-1129,notification-worker,2026-08-15 01:07:40,saanvi_lead,production,Success,c9681f,feature/auth-refresh
DEP-PIPE-1130-130,PIPE-1130,cart-service,2026-08-15 03:40:13,saanvi_lead,production,Failed,ce4228,main
DEP-PIPE-1131-131,PIPE-1131,inventory-db-migrator,2026-08-15 05:42:46,system_bot,production,Success,c48889,release/v2.1
DEP-PIPE-1132-132,PIPE-1132,user-profile,2026-08-15 08:28:47,maya_eng,production,Skipped,cc8a3a,main
DEP-PIPE-1133-133,PIPE-1133,notification-workere,2026-08-15 09:25:57,system_bot,development,Success,c75e31,main
DEP-PIPE-1134-134,PIPE-1134,auth-servicee,2026-08-15 10:34:01,glory_ops,development,Success,cc3402,release/v2.1
DEP-PIPE-1135-135,PIPE-1135,payment-api,2026-08-15 12:48:11,maya_eng,production,Success,cea217,release/v2.1
DEP-PIPE-1136-136,PIPE-1136,payment-api,2026-08-15 16:30:21,system_bot,production,Success,c7e9c4,release/v2.1
DEP-PIPE-1137-137,PIPE-1137,web-frontend,2026-08-15 18:18:16,jordan_qa,production,Success,c98586,hotfix/payment-timeout
DEP-PIPE-1138-138,PIPE-1138,user-profilee,2026-08-15 19:43:16,alex_dev,development,Success,cc691c,hotfix/payment-timeout
DEP-PIPE-1139-139,PIPE-1139,payment-api,2026-08-15 22:56:41,saanvi_lead,production,Success,c4f1b5,main
DEP-PIPE-1140-140,PIPE-1140,notification-worker,2026-08-16 00:14:51,alex_dev,production,Success,c98df9,hotfix/payment-timeout
DEP-PIPE-1141-141,PIPE-1141,inventory-db-migrator,2026-08-16 04:07:49,jordan_qa,production,Skipped,c77b1e,main
DEP-PIPE-1142-142,PIPE-1142,payment-api,2026-08-16 07:58:09,glory_ops,production,Failed,c723b6,main
DEP-PIPE-1143-143,PIPE-1143,auth-service,2026-08-16 11:02:01,jordan_qa,production,Failed,ce4076,main
DEP-PIPE-1144-144,PIPE-1144,notification-worker,2026-08-16 12:45:28,maya_eng,production,Success,cbe88c,main
DEP-PIPE-1145-145,PIPE-1145,payment-api,2026-08-16 15:59:53,maya_eng,production,Success,cc99bb,feature/auth-refresh
DEP-PIPE-1146-146,PIPE-1146,cart-service,2026-08-16 19:54:11,system_bot,production,Failed,c5c3b9,hotfix/payment-timeout
DEP-PIPE-1147-147,PIPE-1147,web-frontend,2026-08-16 22:48:34,saanvi_lead,production,Success,cb6ee5,main
DEP-PIPE-1148-148,PIPE-1148,user-profile,2026-08-17 01:59:02,glory_ops,staging,Skipped,cb621c,main
DEP-PIPE-1149-149,PIPE-1149,web-frontend,2026-08-17 05:42:42,alex_dev,production,Success,c44489,main
DEP-PIPE-1150-150,PIPE-1150,notification-worker,2026-08-17 06:47:53,saanvi_lead,production,Failed,c6ac23,release/v2.1
DEP-PIPE-1151-151,PIPE-1151,notification-worker,2026-08-17 10:22:55,maya_eng,production,Success,cd09c7,hotfix/payment-timeout
DEP-PIPE-1152-152,PIPE-1152,web-frontend,2026-08-17 11:20:48,jordan_qa,production,Skipped,c2f236,main
DEP-PIPE-1153-153,PIPE-1153,notification-worker,2026-08-17 14:12:27,alex_dev,production,Success,cccf35,hotfix/payment-timeout
DEP-PIPE-1154-154,PIPE-1154,payment-api,2026-08-17 17:39:11,glory_ops,production,Skipped,c64cf4,feature/auth-refresh
DEP-PIPE-1155-155,PIPE-1155,cart-service,2026-08-17 19:56:13,saanvi_lead,production,Success,c8055b,hotfix/payment-timeout
DEP-PIPE-1156-156,PIPE-1156,inventory-db-migrator,2026-08-17 21:57:04,glory_ops,production,Success,c792b4,main
DEP-PIPE-1157-157,PIPE-1157,payment-api,2026-08-17 23:18:12,jordan_qa,production,Success,c99544,feature/auth-refresh
DEP-PIPE-1158-158,PIPE-1158,user-profile,2026-08-18 01:49:48,saanvi_lead,production,Success,c810fe,hotfix/payment-timeout
DEP-PIPE-1159-159,PIPE-1159,payment-api,2026-08-18 04:31:56,maya_eng,production,Success,c424b5,main
DEP-PIPE-1160-160,PIPE-1160,notification-workere,2026-08-18 06:33:23,maya_eng,development,Success,c39b1f,release/v2.1
DEP-PIPE-1161-161,PIPE-1161,inventory-db-migrator,2026-08-18 07:30:49,alex_dev,production,Skipped,ca0901,hotfix/payment-timeout
DEP-PIPE-1162-162,PIPE-1162,web-frontend,2026-08-18 09:04:47,maya_eng,production,Success,c224fe,main
DEP-PIPE-1163-163,PIPE-1163,user-profile,2026-08-18 12:48:12,glory_ops,production,Success,c3a14c,feature/auth-refresh
DEP-PIPE-1164-164,PIPE-1164,notification-worker,2026-08-18 14:54:02,maya_eng,production,Skipped,c8e649,main
DEP-PIPE-1165-165,PIPE-1165,cart-service,2026-08-18 17:32:49,maya_eng,staging,Success,ccb0aa,release/v2.1
DEP-PIPE-1166-166,PIPE-1166,payment-api,2026-08-18 18:54:02,alex_dev,production,Failed,c314a6,release/v2.1
DEP-PIPE-1167-167,PIPE-1167,notification-worker,2026-08-18 20:15:54,jordan_qa,production,Success,c88c3c,hotfix/payment-timeout
DEP-PIPE-1168-168,PIPE-1168,notification-worker,2026-08-18 23:42:51,saanvi_lead,production,Failed,ca2598,main
DEP-PIPE-1169-169,PIPE-1169,cart-service,2026-08-19 02:44:37,glory_ops,production,Success,ce2a1a,hotfix/payment-timeout
DEP-PIPE-1170-170,PIPE-1170,inventory-db-migrator,2026-08-19 04:17:57,saanvi_lead,production,Failed,c2e6bc,hotfix/payment-timeout
DEP-PIPE-1171-171,PIPE-1171,web-frontend,2026-08-19 07:12:48,saanvi_lead,production,Success,c84b6f,feature/auth-refresh
DEP-PIPE-1172-172,PIPE-1172,user-profile,2026-08-19 09:19:36,jordan_qa,production,Skipped,c3da81,main
DEP-PIPE-1173-173,PIPE-1173,web-frontend,2026-08-19 10:49:09,alex_dev,production,Success,c1db32,feature/auth-refresh
DEP-PIPE-1174-174,PIPE-1174,user-profilee,2026-08-19 14:41:25,jordan_qa,development,Success,c1d85b,feature/auth-refresh
DEP-PIPE-1175-175,PIPE-1175,web-frontend,2026-08-19 16:14:40,system_bot,production,Success,c18f0f,release/v2.1
DEP-PIPE-1176-176,PIPE-1176,notification-worker,2026-08-19 19:25:01,alex_dev,production,Success,ca7650,main
DEP-PIPE-1177-177,PIPE-1177,auth-service,2026-08-19 22:36:32,jordan_qa,production,Skipped,cf310c,main
DEP-PIPE-1178-178,PIPE-1178,inventory-db-migrator,2026-08-20 01:28:46,alex_dev,production,Failed,ce6faa,main
DEP-PIPE-1179-179,PIPE-1179,auth-service,2026-08-20 03:32:38,jordan_qa,staging,Success,c3f416,release/v2.1
DEP-PIPE-1180-180,PIPE-1180,auth-servicee,2026-08-20 06:59:37,maya_eng,development,Success,c3d31d,main
DEP-PIPE-1181-181,PIPE-1181,inventory-db-migrator,2026-08-20 08:38:55,maya_eng,staging,Success,ce92f6,hotfix/payment-timeout
DEP-PIPE-1182-182,PIPE-1182,inventory-db-migrator,2026-08-20 11:17:49,glory_ops,staging,Skipped,cd1c08,main
DEP-PIPE-1183-183,PIPE-1183,inventory-db-migrator,2026-08-20 12:34:31,system_bot,production,Success,cdd8c5,main
DEP-PIPE-1184-184,PIPE-1184,auth-service,2026-08-20 15:06:42,alex_dev,production,Success,c8e60a,release/v2.1
DEP-PIPE-1185-185,PIPE-1185,auth-service,2026-08-20 18:57:51,saanvi_lead,production,Failed,c69f10,main
DEP-PIPE-1186-186,PIPE-1186,user-profilee,2026-08-20 20:28:36,alex_dev,development,Success,c55410,main
DEP-PIPE-1187-187,PIPE-1187,cart-service,2026-08-20 23:18:03,system_bot,production,Skipped,c72caf,main
DEP-PIPE-1188-188,PIPE-1188,notification-workere,2026-08-21 00:27:23,maya_eng,development,Skipped,c206a1,feature/auth-refresh
DEP-PIPE-1189-189,PIPE-1189,inventory-db-migrator,2026-08-21 02:23:30,glory_ops,staging,Success,cb12e4,main
DEP-PIPE-1190-190,PIPE-1190,payment-api,2026-08-21 04:39:09,saanvi_lead,staging,Success,c7c56b,feature/auth-refresh
DEP-PIPE-1191-191,PIPE-1191,auth-service,2026-08-21 07:01:35,system_bot,production,Success,cdd321,main
DEP-PIPE-1192-192,PIPE-1192,auth-service,2026-08-21 08:23:10,glory_ops,production,Success,ccca84,hotfix/payment-timeout
DEP-PIPE-1193-193,PIPE-1193,payment-api,2026-08-21 10:43:00,jordan_qa,production,Skipped,cabbef,hotfix/payment-timeout
DEP-PIPE-1194-194,PIPE-1194,user-profile,2026-08-21 14:17:57,jordan_qa,production,Success,cb28cb,release/v2.1
DEP-PIPE-1195-195,PIPE-1195,user-profilee,2026-08-21 16:30:57,maya_eng,development,Success,c6d2d2,main
DEP-PIPE-1196-196,PIPE-1196,user-profile,2026-08-21 17:30:18,maya_eng,production,Success,c79348,release/v2.1
DEP-PIPE-1197-197,PIPE-1197,web-frontende,2026-08-21 21:02:23,saanvi_lead,development,Skipped,cda9f5,main
DEP-PIPE-1198-198,PIPE-1198,web-frontend,2026-08-21 22:39:39,system_bot,production,Success,c3fc1d,main
DEP-PIPE-1199-199,PIPE-1199,payment-api,2026-08-22 01:47:29,system_bot,production,Success,cbc7d4,hotfix/payment-timeout
DEP-PIPE-1200-200,PIPE-1200,payment-api,2026-08-22 02:56:18,jordan_qa,production,Success,c3b0ec,release/v2.1
DEP-PIPE-1201-201,PIPE-1201,user-profile,2026-08-22 06:55:51,system_bot,production,Skipped,c6ddf4,main
DEP-PIPE-1202-202,PIPE-1202,cart-service,2026-08-22 09:19:55,maya_eng,production,Success,cecdec,release/v2.1
DEP-PIPE-1203-203,PIPE-1203,inventory-db-migratore,2026-08-22 13:18:45,alex_dev,development,Success,c54448,hotfix/payment-timeout
DEP-PIPE-1204-204,PIPE-1204,cart-service,2026-08-22 15:35:54,alex_dev,production,Skipped,c82079,hotfix/payment-timeout
DEP-PIPE-1205-205,PIPE-1205,inventory-db-migratore,2026-08-22 19:00:38,system_bot,development,Success,c86e6e,main
DEP-PIPE-1206-206,PIPE-1206,notification-worker,2026-08-22 22:19:27,system_bot,production,Skipped,c945a8,main
DEP-PIPE-1207-207,PIPE-1207,auth-service,2026-08-23 02:17:29,alex_dev,production,Failed,c194ca,main
DEP-PIPE-1208-208,PIPE-1208,cart-service,2026-08-23 04:15:20,glory_ops,production,Success,c8b91e,main
DEP-PIPE-1209-209,PIPE-1209,inventory-db-migrator,2026-08-23 07:44:58,jordan_qa,production,Failed,c45423,main
DEP-PIPE-1210-210,PIPE-1210,web-frontend,2026-08-23 11:00:35,system_bot,staging,Success,c8bf0c,main
DEP-PIPE-1211-211,PIPE-1211,user-profile,2026-08-23 14:24:14,jordan_qa,production,Success,ccd16d,hotfix/payment-timeout
DEP-PIPE-1212-212,PIPE-1212,notification-worker,2026-08-23 17:36:56,system_bot,production,Failed,ce1352,release/v2.1
DEP-PIPE-1213-213,PIPE-1213,notification-worker,2026-08-23 20:06:40,glory_ops,staging,Success,c56fe3,feature/auth-refresh
DEP-PIPE-1214-214,PIPE-1214,web-frontend,2026-08-23 21:58:11,system_bot,production,Failed,c8e000,release/v2.1
DEP-PIPE-1215-215,PIPE-1215,inventory-db-migrator,2026-08-24 01:34:33,system_bot,production,Success,c8261c,feature/auth-refresh
DEP-PIPE-1216-216,PIPE-1216,payment-apie,2026-08-24 03:42:48,system_bot,development,Skipped,c5146f,main
DEP-PIPE-1217-217,PIPE-1217,payment-api,2026-08-24 06:30:41,glory_ops,production,Failed,ce67fc,main
DEP-PIPE-1218-218,PIPE-1218,user-profile,2026-08-24 08:47:53,glory_ops,production,Success,c3771d,release/v2.1
DEP-PIPE-1219-219,PIPE-1219,cart-servicee,2026-08-24 12:38:34,maya_eng,development,Success,c2d805,feature/auth-refresh
DEP-PIPE-1220-220,PIPE-1220,notification-worker,2026-08-24 14:40:48,maya_eng,production,Success,c6af80,main
DEP-PIPE-1221-221,PIPE-1221,inventory-db-migratore,2026-08-24 17:57:12,alex_dev,development,Skipped,ce7370,main
DEP-PIPE-1222-222,PIPE-1222,inventory-db-migratore,2026-08-24 19:07:35,jordan_qa,development,Success,cc466f,hotfix/payment-timeout
DEP-PIPE-1223-223,PIPE-1223,user-profile,2026-08-24 20:47:22,jordan_qa,production,Failed,c31b0f,feature/auth-refresh
DEP-PIPE-1224-224,PIPE-1224,web-frontend,2026-08-25 00:24:30,system_bot,production,Success,c863ef,main
DEP-PIPE-1225-225,PIPE-1225,payment-api,2026-08-25 01:20:13,jordan_qa,staging,Success,ce6d31,hotfix/payment-timeout
DEP-PIPE-1226-226,PIPE-1226,user-profilee,2026-08-25 04:15:21,saanvi_lead,development,Success,c4ae24,hotfix/payment-timeout
DEP-PIPE-1227-227,PIPE-1227,web-frontend,2026-08-25 06:24:08,jordan_qa,production,Skipped,cd899f,release/v2.1
DEP-PIPE-1228-228,PIPE-1228,cart-service,2026-08-25 08:59:27,saanvi_lead,production,Success,c328f4,release/v2.1
DEP-PIPE-1229-229,PIPE-1229,web-frontend,2026-08-25 10:20:34,system_bot,production,Success,c7a550,main
DEP-PIPE-1230-230,PIPE-1230,cart-service,2026-08-25 13:42:28,glory_ops,production,Success,c1c8f8,release/v2.1
DEP-PIPE-1231-231,PIPE-1231,web-frontend,2026-08-25 17:25:23,alex_dev,staging,Success,c24bc4,release/v2.1
DEP-PIPE-1232-232,PIPE-1232,cart-service,2026-08-25 19:54:15,saanvi_lead,production,Failed,cf31c5,main
DEP-PIPE-1233-233,PIPE-1233,notification-worker,2026-08-25 21:21:27,glory_ops,production,Success,c7a65b,hotfix/payment-timeout
DEP-PIPE-1234-234,PIPE-1234,user-profilee,2026-08-26 01:23:28,maya_eng,development,Success,c79958,main
DEP-PIPE-1235-235,PIPE-1235,notification-worker,2026-08-26 04:57:52,saanvi_lead,production,Success,c79bd0,release/v2.1
DEP-PIPE-1236-236,PIPE-1236,notification-worker,2026-08-26 07:27:10,glory_ops,production,Success,c6e517,feature/auth-refresh
DEP-PIPE-1237-237,PIPE-1237,web-frontend,2026-08-26 09:21:33,glory_ops,production,Success,ceb706,hotfix/payment-timeout
DEP-PIPE-1238-238,PIPE-1238,payment-api,2026-08-26 12:08:31,glory_ops,production,Skipped,c97b55,hotfix/payment-timeout
DEP-PIPE-1239-239,PIPE-1239,user-profile,2026-08-26 13:35:26,glory_ops,production,Skipped,c37144,main
DEP-PIPE-1240-240,PIPE-1240,cart-service,2026-08-26 16:44:44,maya_eng,staging,Success,c9d62d,release/v2.1
DEP-PIPE-1241-241,PIPE-1241,notification-worker,2026-08-26 18:38:52,jordan_qa,production,Failed,cb12ab,hotfix/payment-timeout
DEP-PIPE-1242-242,PIPE-1242,cart-service,2026-08-26 21:56:15,jordan_qa,production,Success,c94541,main
DEP-PIPE-1243-243,PIPE-1243,user-profile,2026-08-27 01:29:43,jordan_qa,production,Success,ce4aa6,main
DEP-PIPE-1244-244,PIPE-1244,inventory-db-migrator,2026-08-27 04:39:24,glory_ops,production,Success,cc0774,hotfix/payment-timeout
DEP-PIPE-1245-245,PIPE-1245,auth-service,2026-08-27 07:39:55,maya_eng,staging,Skipped,ceb9b0,main
DEP-PIPE-1246-246,PIPE-1246,cart-service,2026-08-27 11:16:56,saanvi_lead,production,Success,ce5fb0,hotfix/payment-timeout
DEP-PIPE-1247-247,PIPE-1247,payment-api,2026-08-27 12:38:01,alex_dev,production,Success,cc639c,hotfix/payment-timeout
DEP-PIPE-1248-248,PIPE-1248,web-frontend,2026-08-27 14:17:44,jordan_qa,production,Success,c44d2e,feature/auth-refresh
DEP-PIPE-1249-249,PIPE-1249,auth-service,2026-08-27 17:14:04,maya_eng,staging,Skipped,cc49c9,main
DEP-PIPE-1250-250,PIPE-1250,user-profile,2026-08-27 20:29:31,alex_dev,production,Success,cd514f,release/v2.1
