pipeline_id,stage_name,job_name,status,timestamp,commit_id,branch,user,environment
PIPE-1001,Build,notification-worker_build_prod,Success,2026-08-01 11:58:00,c571b3,feature/auth-refresh,maya_eng,production
PIPE-1001,Unit-Test,notification-worker_unit-test_prod,Success,2026-08-01 12:10:00,c571b3,feature/auth-refresh,maya_eng,production
PIPE-1001,Security-Scan,notification-worker_security-scan_prod,Success,2026-08-01 12:20:00,c571b3,feature/auth-refresh,maya_eng,production
PIPE-1001,Deploy,notification-worker_deploy_prod,Failed,2026-08-01 12:28:00,c571b3,feature/auth-refresh,maya_eng,production
PIPE-1001,Integration-Test,notification-worker_integration-test_prod,Skipped,2026-08-01 12:31:00,c571b3,feature/auth-refresh,maya_eng,production
PIPE-1002,Build,payment-api_build_prod,Success,2026-08-01 15:48:00,ca817c,main,system_bot,production
PIPE-1002,Unit-Test,payment-api_unit-test_prod,Success,2026-08-01 15:58:00,ca817c,main,system_bot,production
PIPE-1002,Security-Scan,payment-api_security-scan_prod,Success,2026-08-01 16:07:00,ca817c,main,system_bot,production
PIPE-1002,Deploy,payment-api_deploy_prod,Success,2026-08-01 16:21:00,ca817c,main,system_bot,production
PIPE-1002,Integration-Test,payment-api_integration-test_prod,Success,2026-08-01 16:35:00,ca817c,main,system_bot,production
PIPE-1003,Build,notification-worker_build_prod,Success,2026-08-01 20:30:00,c4f88c,release/v2.1,glory_ops,production
PIPE-1003,Unit-Test,notification-worker_unit-test_prod,Success,2026-08-01 20:33:00,c4f88c,release/v2.1,glory_ops,production
PIPE-1003,Security-Scan,notification-worker_security-scan_prod,Success,2026-08-01 20:40:00,c4f88c,release/v2.1,glory_ops,production
PIPE-1003,Deploy,notification-worker_deploy_prod,Failed,2026-08-01 20:54:00,c4f88c,release/v2.1,glory_ops,production
PIPE-1003,Integration-Test,notification-worker_integration-test_prod,Skipped,2026-08-01 21:03:00,c4f88c,release/v2.1,glory_ops,production
PIPE-1004,Build,web-frontend_build_prod,Success,2026-08-02 01:12:00,ca5bc8,main,jordan_qa,production
PIPE-1004,Unit-Test,web-frontend_unit-test_prod,Success,2026-08-02 01:27:00,ca5bc8,main,jordan_qa,production
PIPE-1004,Security-Scan,web-frontend_security-scan_prod,Success,2026-08-02 01:32:00,ca5bc8,main,jordan_qa,production
PIPE-1004,Deploy,web-frontend_deploy_prod,Success,2026-08-02 01:34:00,ca5bc8,main,jordan_qa,production
PIPE-1004,Integration-Test,web-frontend_integration-test_prod,Success,2026-08-02 01:48:00,ca5bc8,main,jordan_qa,production
PIPE-1005,Build,auth-service_build_stag,Success,2026-08-02 08:37:00,c8c7cb,feature/auth-refresh,jordan_qa,staging
PIPE-1005,Unit-Test,auth-service_unit-test_stag,Success,2026-08-02 08:44:00,c8c7cb,feature/auth-refresh,jordan_qa,staging
PIPE-1005,Security-Scan,auth-service_security-scan_stag,Success,2026-08-02 08:56:00,c8c7cb,feature/auth-refresh,jordan_qa,staging
PIPE-1005,Deploy,auth-service_deploy_stag,Success,2026-08-02 09:08:00,c8c7cb,feature/auth-refresh,jordan_qa,staging
PIPE-1005,Integration-Test,auth-service_integration-test_stag,Success,2026-08-02 09:19:00,c8c7cb,feature/auth-refresh,jordan_qa,staging
PIPE-1006,Build,web-frontend_build_stag,Success,2026-08-02 16:02:00,c5d854,hotfix/payment-timeout,jordan_qa,staging
PIPE-1006,Unit-Test,web-frontend_unit-test_stag,Success,2026-08-02 16:14:00,c5d854,hotfix/payment-timeout,jordan_qa,staging
PIPE-1006,Security-Scan,web-frontend_security-scan_stag,Success,2026-08-02 16:28:00,c5d854,hotfix/payment-timeout,jordan_qa,staging
PIPE-1006,Deploy,web-frontend_deploy_stag,Success,2026-08-02 16:33:00,c5d854,hotfix/payment-timeout,jordan_qa,staging
PIPE-1006,Integration-Test,web-frontend_integration-test_stag,Success,2026-08-02 16:47:00,c5d854,hotfix/payment-timeout,jordan_qa,staging
PIPE-1007,Build,cart-service_build_prod,Success,2026-08-02 23:33:00,c4ed8b,feature/auth-refresh,system_bot,production
PIPE-1007,Unit-Test,cart-service_unit-test_prod,Success,2026-08-02 23:45:00,c4ed8b,feature/auth-refresh,system_bot,production
PIPE-1007,Security-Scan,cart-service_security-scan_prod,Success,2026-08-02 23:51:00,c4ed8b,feature/auth-refresh,system_bot,production
PIPE-1007,Deploy,cart-service_deploy_prod,Success,2026-08-03 00:04:00,c4ed8b,feature/auth-refresh,system_bot,production
PIPE-1007,Integration-Test,cart-service_integration-test_prod,Success,2026-08-03 00:10:00,c4ed8b,feature/auth-refresh,system_bot,production
PIPE-1008,Build,user-profile_build_deve,Success,2026-08-03 05:53:00,c3bd3b,release/v2.1,glory_ops,development
PIPE-1008,Unit-Test,user-profile_unit-test_deve,Success,2026-08-03 05:55:00,c3bd3b,release/v2.1,glory_ops,development
PIPE-1008,Security-Scan,user-profile_security-scan_deve,Success,2026-08-03 05:59:00,c3bd3b,release/v2.1,glory_ops,development
PIPE-1008,Deploy,user-profile_deploy_deve,Success,2026-08-03 06:13:00,c3bd3b,release/v2.1,glory_ops,development
PIPE-1008,Integration-Test,user-profile_integration-test_deve,Success,2026-08-03 06:24:00,c3bd3b,release/v2.1,glory_ops,development
PIPE-1009,Build,user-profile_build_prod,Success,2026-08-03 12:42:00,c58c6a,main,jordan_qa,production
PIPE-1009,Unit-Test,user-profile_unit-test_prod,Success,2026-08-03 12:54:00,c58c6a,main,jordan_qa,production
PIPE-1009,Security-Scan,user-profile_security-scan_prod,Success,2026-08-03 13:06:00,c58c6a,main,jordan_qa,production
PIPE-1009,Deploy,user-profile_deploy_prod,Success,2026-08-03 13:20:00,c58c6a,main,jordan_qa,production
PIPE-1009,Integration-Test,user-profile_integration-test_prod,Success,2026-08-03 13:32:00,c58c6a,main,jordan_qa,production
PIPE-1010,Build,cart-service_build_prod,Success,2026-08-03 16:51:00,cd1450,main,jordan_qa,production
PIPE-1010,Unit-Test,cart-service_unit-test_prod,Success,2026-08-03 17:01:00,cd1450,main,jordan_qa,production
PIPE-1010,Security-Scan,cart-service_security-scan_prod,Success,2026-08-03 17:16:00,cd1450,main,jordan_qa,production
PIPE-1010,Deploy,cart-service_deploy_prod,Success,2026-08-03 17:31:00,cd1450,main,jordan_qa,production
PIPE-1010,Integration-Test,cart-service_integration-test_prod,Success,2026-08-03 17:42:00,cd1450,main,jordan_qa,production
PIPE-1011,Build,cart-service_build_stag,Success,2026-08-03 18:53:00,c957f4,feature/auth-refresh,system_bot,staging
PIPE-1011,Unit-Test,cart-service_unit-test_stag,Success,2026-08-03 19:08:00,c957f4,feature/auth-refresh,system_bot,staging
PIPE-1011,Security-Scan,cart-service_security-scan_stag,Success,2026-08-03 19:13:00,c957f4,feature/auth-refresh,system_bot,staging
PIPE-1011,Deploy,cart-service_deploy_stag,Success,2026-08-03 19:24:00,c957f4,feature/auth-refresh,system_bot,staging
PIPE-1011,Integration-Test,cart-service_integration-test_stag,Success,2026-08-03 19:27:00,c957f4,feature/auth-refresh,system_bot,staging
PIPE-1012,Build,inventory-db-migrator_build_prod,Success,2026-08-04 02:36:00,c39484,release/v2.1,system_bot,production
PIPE-1012,Unit-Test,inventory-db-migrator_unit-test_prod,Success,2026-08-04 02:40:00,c39484,release/v2.1,system_bot,production
PIPE-1012,Security-Scan,inventory-db-migrator_security-scan_prod,Success,2026-08-04 02:55:00,c39484,release/v2.1,system_bot,production
PIPE-1012,Deploy,inventory-db-migrator_deploy_prod,Success,2026-08-04 03:00:00,c39484,release/v2.1,system_bot,production
PIPE-1012,Integration-Test,inventory-db-migrator_integration-test_prod,Success,2026-08-04 03:14:00,c39484,release/v2.1,system_bot,production
PIPE-1013,Build,payment-api_build_deve,Success,2026-08-04 09:00:00,c88915,feature/auth-refresh,maya_eng,development
PIPE-1013,Unit-Test,payment-api_unit-test_deve,Success,2026-08-04 09:05:00,c88915,feature/auth-refresh,maya_eng,development
PIPE-1013,Security-Scan,payment-api_security-scan_deve,Success,2026-08-04 09:07:00,c88915,feature/auth-refresh,maya_eng,development
PIPE-1013,Deploy,payment-api_deploy_deve,Success,2026-08-04 09:12:00,c88915,feature/auth-refresh,maya_eng,development
PIPE-1013,Integration-Test,payment-api_integration-test_deve,Success,2026-08-04 09:14:00,c88915,feature/auth-refresh,maya_eng,development
PIPE-1014,Build,notification-worker_build_prod,Success,2026-08-04 11:37:00,c6d00f,main,alex_dev,production
PIPE-1014,Unit-Test,notification-worker_unit-test_prod,Success,2026-08-04 11:49:00,c6d00f,main,alex_dev,production
PIPE-1014,Security-Scan,notification-worker_security-scan_prod,Success,2026-08-04 11:59:00,c6d00f,main,alex_dev,production
PIPE-1014,Deploy,notification-worker_deploy_prod,Success,2026-08-04 12:10:00,c6d00f,main,alex_dev,production
PIPE-1014,Integration-Test,notification-worker_integration-test_prod,Success,2026-08-04 12:15:00,c6d00f,main,alex_dev,production
PIPE-1015,Build,inventory-db-migrator_build_prod,Success,2026-08-04 17:14:00,cc11d1,main,alex_dev,production
PIPE-1015,Unit-Test,inventory-db-migrator_unit-test_prod,Success,2026-08-04 17:23:00,cc11d1,main,alex_dev,production
PIPE-1015,Security-Scan,inventory-db-migrator_security-scan_prod,Success,2026-08-04 17:25:00,cc11d1,main,alex_dev,production
PIPE-1015,Deploy,inventory-db-migrator_deploy_prod,Failed,2026-08-04 17:37:00,cc11d1,main,alex_dev,production
PIPE-1015,Integration-Test,inventory-db-migrator_integration-test_prod,Skipped,2026-08-04 17:45:00,cc11d1,main,alex_dev,production
PIPE-1016,Build,notification-worker_build_prod,Success,2026-08-04 20:54:00,c49760,release/v2.1,alex_dev,production
PIPE-1016,Unit-Test,notification-worker_unit-test_prod,Success,2026-08-04 21:02:00,c49760,release/v2.1,alex_dev,production
PIPE-1016,Security-Scan,notification-worker_security-scan_prod,Success,2026-08-04 21:11:00,c49760,release/v2.1,alex_dev,production
PIPE-1016,Deploy,notification-worker_deploy_prod,Success,2026-08-04 21:14:00,c49760,release/v2.1,alex_dev,production
PIPE-1016,Integration-Test,notification-worker_integration-test_prod,Success,2026-08-04 21:29:00,c49760,release/v2.1,alex_dev,production
PIPE-1017,Build,auth-service_build_prod,Success,2026-08-05 00:49:00,c304a1,main,system_bot,production
PIPE-1017,Unit-Test,auth-service_unit-test_prod,Success,2026-08-05 00:58:00,c304a1,main,system_bot,production
PIPE-1017,Security-Scan,auth-service_security-scan_prod,Success,2026-08-05 01:06:00,c304a1,main,system_bot,production
PIPE-1017,Deploy,auth-service_deploy_prod,Success,2026-08-05 01:10:00,c304a1,main,system_bot,production
PIPE-1017,Integration-Test,auth-service_integration-test_prod,Success,2026-08-05 01:18:00,c304a1,main,system_bot,production
PIPE-1018,Build,inventory-db-migrator_build_deve,Success,2026-08-05 06:58:00,cc1da6,main,jordan_qa,development
PIPE-1018,Unit-Test,inventory-db-migrator_unit-test_deve,Success,2026-08-05 07:03:00,cc1da6,main,jordan_qa,development
PIPE-1018,Security-Scan,inventory-db-migrator_security-scan_deve,Success,2026-08-05 07:14:00,cc1da6,main,jordan_qa,development
PIPE-1018,Deploy,inventory-db-migrator_deploy_deve,Success,2026-08-05 07:16:00,cc1da6,main,jordan_qa,development
PIPE-1018,Integration-Test,inventory-db-migrator_integration-test_deve,Success,2026-08-05 07:18:00,cc1da6,main,jordan_qa,development
PIPE-1019,Build,user-profile_build_prod,Success,2026-08-05 13:17:00,c26f9a,release/v2.1,system_bot,production
PIPE-1019,Unit-Test,user-profile_unit-test_prod,Success,2026-08-05 13:20:00,c26f9a,release/v2.1,system_bot,production
PIPE-1019,Security-Scan,user-profile_security-scan_prod,Success,2026-08-05 13:32:00,c26f9a,release/v2.1,system_bot,production
PIPE-1019,Deploy,user-profile_deploy_prod,Failed,2026-08-05 13:40:00,c26f9a,release/v2.1,system_bot,production
PIPE-1019,Integration-Test,user-profile_integration-test_prod,Skipped,2026-08-05 13:51:00,c26f9a,release/v2.1,system_bot,production
PIPE-1020,Build,payment-api_build_prod,Success,2026-08-05 19:00:00,c2d66d,main,alex_dev,production
PIPE-1020,Unit-Test,payment-api_unit-test_prod,Success,2026-08-05 19:10:00,c2d66d,main,alex_dev,production
PIPE-1020,Security-Scan,payment-api_security-scan_prod,Success,2026-08-05 19:16:00,c2d66d,main,alex_dev,production
PIPE-1020,Deploy,payment-api_deploy_prod,Success,2026-08-05 19:29:00,c2d66d,main,alex_dev,production
PIPE-1020,Integration-Test,payment-api_integration-test_prod,Success,2026-08-05 19:35:00,c2d66d,main,alex_dev,production
PIPE-1021,Build,notification-worker_build_prod,Success,2026-08-05 21:27:00,cd8e43,feature/auth-refresh,jordan_qa,production
PIPE-1021,Unit-Test,notification-worker_unit-test_prod,Success,2026-08-05 21:38:00,cd8e43,feature/auth-refresh,jordan_qa,production
PIPE-1021,Security-Scan,notification-worker_security-scan_prod,Success,2026-08-05 21:41:00,cd8e43,feature/auth-refresh,jordan_qa,production
PIPE-1021,Deploy,notification-worker_deploy_prod,Failed,2026-08-05 21:51:00,cd8e43,feature/auth-refresh,jordan_qa,production
PIPE-1021,Integration-Test,notification-worker_integration-test_prod,Skipped,2026-08-05 21:58:00,cd8e43,feature/auth-refresh,jordan_qa,production
PIPE-1022,Build,auth-service_build_deve,Success,2026-08-06 04:16:00,c8896d,release/v2.1,glory_ops,development
PIPE-1022,Unit-Test,auth-service_unit-test_deve,Success,2026-08-06 04:30:00,c8896d,release/v2.1,glory_ops,development
PIPE-1022,Security-Scan,auth-service_security-scan_deve,Success,2026-08-06 04:32:00,c8896d,release/v2.1,glory_ops,development
PIPE-1022,Deploy,auth-service_deploy_deve,Success,2026-08-06 04:42:00,c8896d,release/v2.1,glory_ops,development
PIPE-1022,Integration-Test,auth-service_integration-test_deve,Success,2026-08-06 04:54:00,c8896d,release/v2.1,glory_ops,development
PIPE-1023,Build,payment-api_build_prod,Success,2026-08-06 08:28:00,c40356,main,alex_dev,production
PIPE-1023,Unit-Test,payment-api_unit-test_prod,Success,2026-08-06 08:41:00,c40356,main,alex_dev,production
PIPE-1023,Security-Scan,payment-api_security-scan_prod,Success,2026-08-06 08:53:00,c40356,main,alex_dev,production
PIPE-1023,Deploy,payment-api_deploy_prod,Success,2026-08-06 08:59:00,c40356,main,alex_dev,production
PIPE-1023,Integration-Test,payment-api_integration-test_prod,Success,2026-08-06 09:05:00,c40356,main,alex_dev,production
PIPE-1024,Build,inventory-db-migrator_build_prod,Failed,2026-08-06 12:45:00,cecba2,hotfix/payment-timeout,maya_eng,production
PIPE-1024,Unit-Test,inventory-db-migrator_unit-test_prod,Skipped,2026-08-06 12:59:00,cecba2,hotfix/payment-timeout,maya_eng,production
PIPE-1024,Security-Scan,inventory-db-migrator_security-scan_prod,Skipped,2026-08-06 13:03:00,cecba2,hotfix/payment-timeout,maya_eng,production
PIPE-1024,Deploy,inventory-db-migrator_deploy_prod,Skipped,2026-08-06 13:15:00,cecba2,hotfix/payment-timeout,maya_eng,production
PIPE-1024,Integration-Test,inventory-db-migrator_integration-test_prod,Skipped,2026-08-06 13:21:00,cecba2,hotfix/payment-timeout,maya_eng,production
PIPE-1025,Build,payment-api_build_deve,Success,2026-08-06 15:34:00,c350dc,main,system_bot,development
PIPE-1025,Unit-Test,payment-api_unit-test_deve,Failed,2026-08-06 15:44:00,c350dc,main,system_bot,development
PIPE-1025,Security-Scan,payment-api_security-scan_deve,Skipped,2026-08-06 15:51:00,c350dc,main,system_bot,development
PIPE-1025,Deploy,payment-api_deploy_deve,Skipped,2026-08-06 16:02:00,c350dc,main,system_bot,development
PIPE-1025,Integration-Test,payment-api_integration-test_deve,Skipped,2026-08-06 16:12:00,c350dc,main,system_bot,development
PIPE-1026,Build,payment-api_build_prod,Success,2026-08-06 17:48:00,c75c3c,feature/auth-refresh,alex_dev,production
PIPE-1026,Unit-Test,payment-api_unit-test_prod,Success,2026-08-06 17:53:00,c75c3c,feature/auth-refresh,alex_dev,production
PIPE-1026,Security-Scan,payment-api_security-scan_prod,Success,2026-08-06 18:00:00,c75c3c,feature/auth-refresh,alex_dev,production
PIPE-1026,Deploy,payment-api_deploy_prod,Success,2026-08-06 18:15:00,c75c3c,feature/auth-refresh,alex_dev,production
PIPE-1026,Integration-Test,payment-api_integration-test_prod,Success,2026-08-06 18:26:00,c75c3c,feature/auth-refresh,alex_dev,production
PIPE-1027,Build,payment-api_build_stag,Success,2026-08-06 22:45:00,c46549,main,jordan_qa,staging
PIPE-1027,Unit-Test,payment-api_unit-test_stag,Success,2026-08-06 22:59:00,c46549,main,jordan_qa,staging
PIPE-1027,Security-Scan,payment-api_security-scan_stag,Success,2026-08-06 23:12:00,c46549,main,jordan_qa,staging
PIPE-1027,Deploy,payment-api_deploy_stag,Success,2026-08-06 23:18:00,c46549,main,jordan_qa,staging
PIPE-1027,Integration-Test,payment-api_integration-test_stag,Success,2026-08-06 23:31:00,c46549,main,jordan_qa,staging
PIPE-1028,Build,inventory-db-migrator_build_prod,Success,2026-08-07 04:33:00,c4b813,release/v2.1,jordan_qa,production
PIPE-1028,Unit-Test,inventory-db-migrator_unit-test_prod,Success,2026-08-07 04:47:00,c4b813,release/v2.1,jordan_qa,production
PIPE-1028,Security-Scan,inventory-db-migrator_security-scan_prod,Failed,2026-08-07 04:52:00,c4b813,release/v2.1,jordan_qa,production
PIPE-1028,Deploy,inventory-db-migrator_deploy_prod,Skipped,2026-08-07 04:57:00,c4b813,release/v2.1,jordan_qa,production
PIPE-1028,Integration-Test,inventory-db-migrator_integration-test_prod,Skipped,2026-08-07 05:05:00,c4b813,release/v2.1,jordan_qa,production
PIPE-1029,Build,cart-service_build_prod,Success,2026-08-07 12:04:00,c724eb,feature/auth-refresh,alex_dev,production
PIPE-1029,Unit-Test,cart-service_unit-test_prod,Success,2026-08-07 12:19:00,c724eb,feature/auth-refresh,alex_dev,production
PIPE-1029,Security-Scan,cart-service_security-scan_prod,Success,2026-08-07 12:21:00,c724eb,feature/auth-refresh,alex_dev,production
PIPE-1029,Deploy,cart-service_deploy_prod,Success,2026-08-07 12:27:00,c724eb,feature/auth-refresh,alex_dev,production
PIPE-1029,Integration-Test,cart-service_integration-test_prod,Failed,2026-08-07 12:33:00,c724eb,feature/auth-refresh,alex_dev,production
PIPE-1030,Build,web-frontend_build_prod,Success,2026-08-07 19:14:00,c88218,feature/auth-refresh,maya_eng,production
PIPE-1030,Unit-Test,web-frontend_unit-test_prod,Success,2026-08-07 19:25:00,c88218,feature/auth-refresh,maya_eng,production
PIPE-1030,Security-Scan,web-frontend_security-scan_prod,Success,2026-08-07 19:27:00,c88218,feature/auth-refresh,maya_eng,production
PIPE-1030,Deploy,web-frontend_deploy_prod,Success,2026-08-07 19:29:00,c88218,feature/auth-refresh,maya_eng,production
PIPE-1030,Integration-Test,web-frontend_integration-test_prod,Success,2026-08-07 19:43:00,c88218,feature/auth-refresh,maya_eng,production
PIPE-1031,Build,notification-worker_build_stag,Success,2026-08-08 02:51:00,c2a53c,hotfix/payment-timeout,glory_ops,staging
PIPE-1031,Unit-Test,notification-worker_unit-test_stag,Success,2026-08-08 03:03:00,c2a53c,hotfix/payment-timeout,glory_ops,staging
PIPE-1031,Security-Scan,notification-worker_security-scan_stag,Success,2026-08-08 03:16:00,c2a53c,hotfix/payment-timeout,glory_ops,staging
PIPE-1031,Deploy,notification-worker_deploy_stag,Success,2026-08-08 03:26:00,c2a53c,hotfix/payment-timeout,glory_ops,staging
PIPE-1031,Integration-Test,notification-worker_integration-test_stag,Success,2026-08-08 03:34:00,c2a53c,hotfix/payment-timeout,glory_ops,staging
PIPE-1032,Build,notification-worker_build_prod,Success,2026-08-08 10:32:00,c840c5,release/v2.1,saanvi_lead,production
PIPE-1032,Unit-Test,notification-worker_unit-test_prod,Success,2026-08-08 10:36:00,c840c5,release/v2.1,saanvi_lead,production
PIPE-1032,Security-Scan,notification-worker_security-scan_prod,Success,2026-08-08 10:42:00,c840c5,release/v2.1,saanvi_lead,production
PIPE-1032,Deploy,notification-worker_deploy_prod,Failed,2026-08-08 10:57:00,c840c5,release/v2.1,saanvi_lead,production
PIPE-1032,Integration-Test,notification-worker_integration-test_prod,Skipped,2026-08-08 11:03:00,c840c5,release/v2.1,saanvi_lead,production
PIPE-1033,Build,payment-api_build_prod,Success,2026-08-08 15:17:00,cc004c,main,system_bot,production
PIPE-1033,Unit-Test,payment-api_unit-test_prod,Success,2026-08-08 15:29:00,cc004c,main,system_bot,production
PIPE-1033,Security-Scan,payment-api_security-scan_prod,Success,2026-08-08 15:38:00,cc004c,main,system_bot,production
PIPE-1033,Deploy,payment-api_deploy_prod,Success,2026-08-08 15:52:00,cc004c,main,system_bot,production
PIPE-1033,Integration-Test,payment-api_integration-test_prod,Success,2026-08-08 16:04:00,cc004c,main,system_bot,production
PIPE-1034,Build,web-frontend_build_deve,Success,2026-08-08 19:51:00,cc4a65,release/v2.1,alex_dev,development
PIPE-1034,Unit-Test,web-frontend_unit-test_deve,Failed,2026-08-08 19:55:00,cc4a65,release/v2.1,alex_dev,development
PIPE-1034,Security-Scan,web-frontend_security-scan_deve,Skipped,2026-08-08 20:00:00,cc4a65,release/v2.1,alex_dev,development
PIPE-1034,Deploy,web-frontend_deploy_deve,Skipped,2026-08-08 20:09:00,cc4a65,release/v2.1,alex_dev,development
PIPE-1034,Integration-Test,web-frontend_integration-test_deve,Skipped,2026-08-08 20:20:00,cc4a65,release/v2.1,alex_dev,development
PIPE-1035,Build,inventory-db-migrator_build_deve,Success,2026-08-09 03:50:00,c4a308,main,jordan_qa,development
PIPE-1035,Unit-Test,inventory-db-migrator_unit-test_deve,Success,2026-08-09 03:55:00,c4a308,main,jordan_qa,development
PIPE-1035,Security-Scan,inventory-db-migrator_security-scan_deve,Failed,2026-08-09 04:08:00,c4a308,main,jordan_qa,development
PIPE-1035,Deploy,inventory-db-migrator_deploy_deve,Skipped,2026-08-09 04:22:00,c4a308,main,jordan_qa,development
PIPE-1035,Integration-Test,inventory-db-migrator_integration-test_deve,Skipped,2026-08-09 04:37:00,c4a308,main,jordan_qa,development
PIPE-1036,Build,inventory-db-migrator_build_deve,Success,2026-08-09 11:48:00,ce6442,release/v2.1,saanvi_lead,development
PIPE-1036,Unit-Test,inventory-db-migrator_unit-test_deve,Success,2026-08-09 11:58:00,ce6442,release/v2.1,saanvi_lead,development
PIPE-1036,Security-Scan,inventory-db-migrator_security-scan_deve,Success,2026-08-09 12:13:00,ce6442,release/v2.1,saanvi_lead,development
PIPE-1036,Deploy,inventory-db-migrator_deploy_deve,Success,2026-08-09 12:17:00,ce6442,release/v2.1,saanvi_lead,development
PIPE-1036,Integration-Test,inventory-db-migrator_integration-test_deve,Success,2026-08-09 12:29:00,ce6442,release/v2.1,saanvi_lead,development
PIPE-1037,Build,web-frontend_build_prod,Success,2026-08-09 18:04:00,ce90e4,main,jordan_qa,production
PIPE-1037,Unit-Test,web-frontend_unit-test_prod,Success,2026-08-09 18:14:00,ce90e4,main,jordan_qa,production
PIPE-1037,Security-Scan,web-frontend_security-scan_prod,Success,2026-08-09 18:18:00,ce90e4,main,jordan_qa,production
PIPE-1037,Deploy,web-frontend_deploy_prod,Success,2026-08-09 18:27:00,ce90e4,main,jordan_qa,production
PIPE-1037,Integration-Test,web-frontend_integration-test_prod,Success,2026-08-09 18:41:00,ce90e4,main,jordan_qa,production
PIPE-1038,Build,notification-worker_build_prod,Success,2026-08-09 22:04:00,cb8dc9,hotfix/payment-timeout,system_bot,production
PIPE-1038,Unit-Test,notification-worker_unit-test_prod,Success,2026-08-09 22:17:00,cb8dc9,hotfix/payment-timeout,system_bot,production
PIPE-1038,Security-Scan,notification-worker_security-scan_prod,Success,2026-08-09 22:23:00,cb8dc9,hotfix/payment-timeout,system_bot,production
PIPE-1038,Deploy,notification-worker_deploy_prod,Failed,2026-08-09 22:33:00,cb8dc9,hotfix/payment-timeout,system_bot,production
PIPE-1038,Integration-Test,notification-worker_integration-test_prod,Skipped,2026-08-09 22:37:00,cb8dc9,hotfix/payment-timeout,system_bot,production
PIPE-1039,Build,payment-api_build_prod,Success,2026-08-10 03:38:00,c28db4,release/v2.1,saanvi_lead,production
PIPE-1039,Unit-Test,payment-api_unit-test_prod,Success,2026-08-10 03:47:00,c28db4,release/v2.1,saanvi_lead,production
PIPE-1039,Security-Scan,payment-api_security-scan_prod,Success,2026-08-10 03:52:00,c28db4,release/v2.1,saanvi_lead,production
PIPE-1039,Deploy,payment-api_deploy_prod,Success,2026-08-10 04:00:00,c28db4,release/v2.1,saanvi_lead,production
PIPE-1039,Integration-Test,payment-api_integration-test_prod,Success,2026-08-10 04:11:00,c28db4,release/v2.1,saanvi_lead,production
PIPE-1040,Build,auth-service_build_deve,Success,2026-08-10 08:16:00,c7276d,main,jordan_qa,development
PIPE-1040,Unit-Test,auth-service_unit-test_deve,Success,2026-08-10 08:31:00,c7276d,main,jordan_qa,development
PIPE-1040,Security-Scan,auth-service_security-scan_deve,Success,2026-08-10 08:44:00,c7276d,main,jordan_qa,development
PIPE-1040,Deploy,auth-service_deploy_deve,Success,2026-08-10 08:58:00,c7276d,main,jordan_qa,development
PIPE-1040,Integration-Test,auth-service_integration-test_deve,Success,2026-08-10 09:03:00,c7276d,main,jordan_qa,development
PIPE-1041,Build,cart-service_build_prod,Success,2026-08-10 15:56:00,c6e769,hotfix/payment-timeout,alex_dev,production
PIPE-1041,Unit-Test,cart-service_unit-test_prod,Success,2026-08-10 16:09:00,c6e769,hotfix/payment-timeout,alex_dev,production
PIPE-1041,Security-Scan,cart-service_security-scan_prod,Success,2026-08-10 16:18:00,c6e769,hotfix/payment-timeout,alex_dev,production
PIPE-1041,Deploy,cart-service_deploy_prod,Success,2026-08-10 16:29:00,c6e769,hotfix/payment-timeout,alex_dev,production
PIPE-1041,Integration-Test,cart-service_integration-test_prod,Success,2026-08-10 16:37:00,c6e769,hotfix/payment-timeout,alex_dev,production
PIPE-1042,Build,notification-worker_build_prod,Success,2026-08-10 21:44:00,c3b273,hotfix/payment-timeout,maya_eng,production
PIPE-1042,Unit-Test,notification-worker_unit-test_prod,Success,2026-08-10 21:52:00,c3b273,hotfix/payment-timeout,maya_eng,production
PIPE-1042,Security-Scan,notification-worker_security-scan_prod,Success,2026-08-10 22:01:00,c3b273,hotfix/payment-timeout,maya_eng,production
PIPE-1042,Deploy,notification-worker_deploy_prod,Success,2026-08-10 22:15:00,c3b273,hotfix/payment-timeout,maya_eng,production
PIPE-1042,Integration-Test,notification-worker_integration-test_prod,Success,2026-08-10 22:21:00,c3b273,hotfix/payment-timeout,maya_eng,production
PIPE-1043,Build,inventory-db-migrator_build_prod,Success,2026-08-11 04:18:00,c1d604,hotfix/payment-timeout,alex_dev,production
PIPE-1043,Unit-Test,inventory-db-migrator_unit-test_prod,Success,2026-08-11 04:25:00,c1d604,hotfix/payment-timeout,alex_dev,production
PIPE-1043,Security-Scan,inventory-db-migrator_security-scan_prod,Success,2026-08-11 04:28:00,c1d604,hotfix/payment-timeout,alex_dev,production
PIPE-1043,Deploy,inventory-db-migrator_deploy_prod,Failed,2026-08-11 04:40:00,c1d604,hotfix/payment-timeout,alex_dev,production
PIPE-1043,Integration-Test,inventory-db-migrator_integration-test_prod,Skipped,2026-08-11 04:42:00,c1d604,hotfix/payment-timeout,alex_dev,production
PIPE-1044,Build,payment-api_build_prod,Success,2026-08-11 08:22:00,c3f6c8,main,alex_dev,production
PIPE-1044,Unit-Test,payment-api_unit-test_prod,Success,2026-08-11 08:25:00,c3f6c8,main,alex_dev,production
PIPE-1044,Security-Scan,payment-api_security-scan_prod,Success,2026-08-11 08:30:00,c3f6c8,main,alex_dev,production
PIPE-1044,Deploy,payment-api_deploy_prod,Success,2026-08-11 08:36:00,c3f6c8,main,alex_dev,production
PIPE-1044,Integration-Test,payment-api_integration-test_prod,Success,2026-08-11 08:40:00,c3f6c8,main,alex_dev,production
PIPE-1045,Build,notification-worker_build_stag,Success,2026-08-11 10:37:00,cac8ea,main,glory_ops,staging
PIPE-1045,Unit-Test,notification-worker_unit-test_stag,Success,2026-08-11 10:45:00,cac8ea,main,glory_ops,staging
PIPE-1045,Security-Scan,notification-worker_security-scan_stag,Success,2026-08-11 10:58:00,cac8ea,main,glory_ops,staging
PIPE-1045,Deploy,notification-worker_deploy_stag,Success,2026-08-11 11:09:00,cac8ea,main,glory_ops,staging
PIPE-1045,Integration-Test,notification-worker_integration-test_stag,Success,2026-08-11 11:21:00,cac8ea,main,glory_ops,staging
PIPE-1046,Build,notification-worker_build_stag,Success,2026-08-11 17:11:00,c714c5,main,system_bot,staging
PIPE-1046,Unit-Test,notification-worker_unit-test_stag,Success,2026-08-11 17:14:00,c714c5,main,system_bot,staging
PIPE-1046,Security-Scan,notification-worker_security-scan_stag,Failed,2026-08-11 17:21:00,c714c5,main,system_bot,staging
PIPE-1046,Deploy,notification-worker_deploy_stag,Skipped,2026-08-11 17:29:00,c714c5,main,system_bot,staging
PIPE-1046,Integration-Test,notification-worker_integration-test_stag,Skipped,2026-08-11 17:44:00,c714c5,main,system_bot,staging
PIPE-1047,Build,user-profile_build_prod,Success,2026-08-11 20:29:00,ccd7c2,hotfix/payment-timeout,glory_ops,production
PIPE-1047,Unit-Test,user-profile_unit-test_prod,Success,2026-08-11 20:39:00,ccd7c2,hotfix/payment-timeout,glory_ops,production
PIPE-1047,Security-Scan,user-profile_security-scan_prod,Success,2026-08-11 20:45:00,ccd7c2,hotfix/payment-timeout,glory_ops,production
PIPE-1047,Deploy,user-profile_deploy_prod,Success,2026-08-11 20:55:00,ccd7c2,hotfix/payment-timeout,glory_ops,production
PIPE-1047,Integration-Test,user-profile_integration-test_prod,Success,2026-08-11 21:04:00,ccd7c2,hotfix/payment-timeout,glory_ops,production
PIPE-1048,Build,notification-worker_build_prod,Success,2026-08-11 23:11:00,ced14c,release/v2.1,glory_ops,production
PIPE-1048,Unit-Test,notification-worker_unit-test_prod,Success,2026-08-11 23:16:00,ced14c,release/v2.1,glory_ops,production
PIPE-1048,Security-Scan,notification-worker_security-scan_prod,Success,2026-08-11 23:27:00,ced14c,release/v2.1,glory_ops,production
PIPE-1048,Deploy,notification-worker_deploy_prod,Success,2026-08-11 23:35:00,ced14c,release/v2.1,glory_ops,production
PIPE-1048,Integration-Test,notification-worker_integration-test_prod,Success,2026-08-11 23:44:00,ced14c,release/v2.1,glory_ops,production
PIPE-1049,Build,payment-api_build_prod,Success,2026-08-12 03:39:00,c6f8a7,feature/auth-refresh,glory_ops,production
PIPE-1049,Unit-Test,payment-api_unit-test_prod,Success,2026-08-12 03:45:00,c6f8a7,feature/auth-refresh,glory_ops,production
PIPE-1049,Security-Scan,payment-api_security-scan_prod,Success,2026-08-12 03:55:00,c6f8a7,feature/auth-refresh,glory_ops,production
PIPE-1049,Deploy,payment-api_deploy_prod,Failed,2026-08-12 03:58:00,c6f8a7,feature/auth-refresh,glory_ops,production
PIPE-1049,Integration-Test,payment-api_integration-test_prod,Skipped,2026-08-12 04:06:00,c6f8a7,feature/auth-refresh,glory_ops,production
PIPE-1050,Build,user-profile_build_prod,Success,2026-08-12 09:48:00,cbdc3e,hotfix/payment-timeout,saanvi_lead,production
PIPE-1050,Unit-Test,user-profile_unit-test_prod,Success,2026-08-12 09:51:00,cbdc3e,hotfix/payment-timeout,saanvi_lead,production
PIPE-1050,Security-Scan,user-profile_security-scan_prod,Success,2026-08-12 09:59:00,cbdc3e,hotfix/payment-timeout,saanvi_lead,production
PIPE-1050,Deploy,user-profile_deploy_prod,Success,2026-08-12 10:05:00,cbdc3e,hotfix/payment-timeout,saanvi_lead,production
PIPE-1050,Integration-Test,user-profile_integration-test_prod,Success,2026-08-12 10:12:00,cbdc3e,hotfix/payment-timeout,saanvi_lead,production
PIPE-1051,Build,web-frontend_build_prod,Success,2026-08-12 14:52:00,c6d18b,main,maya_eng,production
PIPE-1051,Unit-Test,web-frontend_unit-test_prod,Success,2026-08-12 14:58:00,c6d18b,main,maya_eng,production
PIPE-1051,Security-Scan,web-frontend_security-scan_prod,Success,2026-08-12 15:01:00,c6d18b,main,maya_eng,production
PIPE-1051,Deploy,web-frontend_deploy_prod,Failed,2026-08-12 15:08:00,c6d18b,main,maya_eng,production
PIPE-1051,Integration-Test,web-frontend_integration-test_prod,Skipped,2026-08-12 15:18:00,c6d18b,main,maya_eng,production
PIPE-1052,Build,inventory-db-migrator_build_stag,Success,2026-08-12 21:54:00,c5f32a,hotfix/payment-timeout,saanvi_lead,staging
PIPE-1052,Unit-Test,inventory-db-migrator_unit-test_stag,Success,2026-08-12 22:00:00,c5f32a,hotfix/payment-timeout,saanvi_lead,staging
PIPE-1052,Security-Scan,inventory-db-migrator_security-scan_stag,Success,2026-08-12 22:15:00,c5f32a,hotfix/payment-timeout,saanvi_lead,staging
PIPE-1052,Deploy,inventory-db-migrator_deploy_stag,Success,2026-08-12 22:20:00,c5f32a,hotfix/payment-timeout,saanvi_lead,staging
PIPE-1052,Integration-Test,inventory-db-migrator_integration-test_stag,Failed,2026-08-12 22:26:00,c5f32a,hotfix/payment-timeout,saanvi_lead,staging
PIPE-1053,Build,web-frontend_build_prod,Success,2026-08-13 02:22:00,ca612e,main,alex_dev,production
PIPE-1053,Unit-Test,web-frontend_unit-test_prod,Success,2026-08-13 02:34:00,ca612e,main,alex_dev,production
PIPE-1053,Security-Scan,web-frontend_security-scan_prod,Success,2026-08-13 02:43:00,ca612e,main,alex_dev,production
PIPE-1053,Deploy,web-frontend_deploy_prod,Success,2026-08-13 02:45:00,ca612e,main,alex_dev,production
PIPE-1053,Integration-Test,web-frontend_integration-test_prod,Success,2026-08-13 02:54:00,ca612e,main,alex_dev,production
PIPE-1054,Build,cart-service_build_prod,Success,2026-08-13 05:22:00,c92b67,feature/auth-refresh,alex_dev,production
PIPE-1054,Unit-Test,cart-service_unit-test_prod,Success,2026-08-13 05:31:00,c92b67,feature/auth-refresh,alex_dev,production
PIPE-1054,Security-Scan,cart-service_security-scan_prod,Success,2026-08-13 05:43:00,c92b67,feature/auth-refresh,alex_dev,production
PIPE-1054,Deploy,cart-service_deploy_prod,Failed,2026-08-13 05:47:00,c92b67,feature/auth-refresh,alex_dev,production
PIPE-1054,Integration-Test,cart-service_integration-test_prod,Skipped,2026-08-13 05:58:00,c92b67,feature/auth-refresh,alex_dev,production
PIPE-1055,Build,cart-service_build_prod,Success,2026-08-13 10:51:00,ca747d,main,saanvi_lead,production
PIPE-1055,Unit-Test,cart-service_unit-test_prod,Success,2026-08-13 11:02:00,ca747d,main,saanvi_lead,production
PIPE-1055,Security-Scan,cart-service_security-scan_prod,Success,2026-08-13 11:12:00,ca747d,main,saanvi_lead,production
PIPE-1055,Deploy,cart-service_deploy_prod,Success,2026-08-13 11:21:00,ca747d,main,saanvi_lead,production
PIPE-1055,Integration-Test,cart-service_integration-test_prod,Success,2026-08-13 11:32:00,ca747d,main,saanvi_lead,production
PIPE-1056,Build,cart-service_build_prod,Success,2026-08-13 13:44:00,cd5e07,main,alex_dev,production
PIPE-1056,Unit-Test,cart-service_unit-test_prod,Success,2026-08-13 13:49:00,cd5e07,main,alex_dev,production
PIPE-1056,Security-Scan,cart-service_security-scan_prod,Success,2026-08-13 13:52:00,cd5e07,main,alex_dev,production
PIPE-1056,Deploy,cart-service_deploy_prod,Success,2026-08-13 13:56:00,cd5e07,main,alex_dev,production
PIPE-1056,Integration-Test,cart-service_integration-test_prod,Failed,2026-08-13 14:00:00,cd5e07,main,alex_dev,production
PIPE-1057,Build,user-profile_build_deve,Success,2026-08-13 18:10:00,c53ac0,main,glory_ops,development
PIPE-1057,Unit-Test,user-profile_unit-test_deve,Success,2026-08-13 18:25:00,c53ac0,main,glory_ops,development
PIPE-1057,Security-Scan,user-profile_security-scan_deve,Success,2026-08-13 18:37:00,c53ac0,main,glory_ops,development
PIPE-1057,Deploy,user-profile_deploy_deve,Success,2026-08-13 18:43:00,c53ac0,main,glory_ops,development
PIPE-1057,Integration-Test,user-profile_integration-test_deve,Success,2026-08-13 18:55:00,c53ac0,main,glory_ops,development
PIPE-1058,Build,inventory-db-migrator_build_deve,Success,2026-08-14 01:32:00,c51f71,main,alex_dev,development
PIPE-1058,Unit-Test,inventory-db-migrator_unit-test_deve,Success,2026-08-14 01:47:00,c51f71,main,alex_dev,development
PIPE-1058,Security-Scan,inventory-db-migrator_security-scan_deve,Success,2026-08-14 01:49:00,c51f71,main,alex_dev,development
PIPE-1058,Deploy,inventory-db-migrator_deploy_deve,Success,2026-08-14 01:55:00,c51f71,main,alex_dev,development
PIPE-1058,Integration-Test,inventory-db-migrator_integration-test_deve,Success,2026-08-14 02:10:00,c51f71,main,alex_dev,development
PIPE-1059,Build,cart-service_build_prod,Success,2026-08-14 07:00:00,ccb8bb,feature/auth-refresh,jordan_qa,production
PIPE-1059,Unit-Test,cart-service_unit-test_prod,Success,2026-08-14 07:09:00,ccb8bb,feature/auth-refresh,jordan_qa,production
PIPE-1059,Security-Scan,cart-service_security-scan_prod,Failed,2026-08-14 07:20:00,ccb8bb,feature/auth-refresh,jordan_qa,production
PIPE-1059,Deploy,cart-service_deploy_prod,Skipped,2026-08-14 07:28:00,ccb8bb,feature/auth-refresh,jordan_qa,production
PIPE-1059,Integration-Test,cart-service_integration-test_prod,Skipped,2026-08-14 07:41:00,ccb8bb,feature/auth-refresh,jordan_qa,production
PIPE-1060,Build,cart-service_build_prod,Success,2026-08-14 14:54:00,c5304c,main,alex_dev,production
PIPE-1060,Unit-Test,cart-service_unit-test_prod,Success,2026-08-14 15:05:00,c5304c,main,alex_dev,production
PIPE-1060,Security-Scan,cart-service_security-scan_prod,Success,2026-08-14 15:19:00,c5304c,main,alex_dev,production
PIPE-1060,Deploy,cart-service_deploy_prod,Success,2026-08-14 15:25:00,c5304c,main,alex_dev,production
PIPE-1060,Integration-Test,cart-service_integration-test_prod,Success,2026-08-14 15:39:00,c5304c,main,alex_dev,production
PIPE-1061,Build,user-profile_build_prod,Success,2026-08-14 21:46:00,c46e01,feature/auth-refresh,jordan_qa,production
PIPE-1061,Unit-Test,user-profile_unit-test_prod,Success,2026-08-14 21:55:00,c46e01,feature/auth-refresh,jordan_qa,production
PIPE-1061,Security-Scan,user-profile_security-scan_prod,Success,2026-08-14 22:04:00,c46e01,feature/auth-refresh,jordan_qa,production
PIPE-1061,Deploy,user-profile_deploy_prod,Success,2026-08-14 22:11:00,c46e01,feature/auth-refresh,jordan_qa,production
PIPE-1061,Integration-Test,user-profile_integration-test_prod,Success,2026-08-14 22:14:00,c46e01,feature/auth-refresh,jordan_qa,production
PIPE-1062,Build,cart-service_build_prod,Success,2026-08-15 03:18:00,cc2091,feature/auth-refresh,jordan_qa,production
PIPE-1062,Unit-Test,cart-service_unit-test_prod,Success,2026-08-15 03:20:00,cc2091,feature/auth-refresh,jordan_qa,production
PIPE-1062,Security-Scan,cart-service_security-scan_prod,Success,2026-08-15 03:27:00,cc2091,feature/auth-refresh,jordan_qa,production
PIPE-1062,Deploy,cart-service_deploy_prod,Success,2026-08-15 03:30:00,cc2091,feature/auth-refresh,jordan_qa,production
PIPE-1062,Integration-Test,cart-service_integration-test_prod,Success,2026-08-15 03:38:00,cc2091,feature/auth-refresh,jordan_qa,production
PIPE-1063,Build,inventory-db-migrator_build_deve,Success,2026-08-15 09:35:00,c486f6,main,jordan_qa,development
PIPE-1063,Unit-Test,inventory-db-migrator_unit-test_deve,Success,2026-08-15 09:44:00,c486f6,main,jordan_qa,development
PIPE-1063,Security-Scan,inventory-db-migrator_security-scan_deve,Success,2026-08-15 09:58:00,c486f6,main,jordan_qa,development
PIPE-1063,Deploy,inventory-db-migrator_deploy_deve,Success,2026-08-15 10:04:00,c486f6,main,jordan_qa,development
PIPE-1063,Integration-Test,inventory-db-migrator_integration-test_deve,Success,2026-08-15 10:10:00,c486f6,main,jordan_qa,development
PIPE-1064,Build,notification-worker_build_prod,Success,2026-08-15 13:43:00,ce509d,main,alex_dev,production
PIPE-1064,Unit-Test,notification-worker_unit-test_prod,Failed,2026-08-15 13:53:00,ce509d,main,alex_dev,production
PIPE-1064,Security-Scan,notification-worker_security-scan_prod,Skipped,2026-08-15 14:01:00,ce509d,main,alex_dev,production
PIPE-1064,Deploy,notification-worker_deploy_prod,Skipped,2026-08-15 14:04:00,ce509d,main,alex_dev,production
PIPE-1064,Integration-Test,notification-worker_integration-test_prod,Skipped,2026-08-15 14:09:00,ce509d,main,alex_dev,production
PIPE-1065,Build,inventory-db-migrator_build_deve,Success,2026-08-15 18:09:00,c97ff8,release/v2.1,alex_dev,development
PIPE-1065,Unit-Test,inventory-db-migrator_unit-test_deve,Success,2026-08-15 18:17:00,c97ff8,release/v2.1,alex_dev,development
PIPE-1065,Security-Scan,inventory-db-migrator_security-scan_deve,Success,2026-08-15 18:26:00,c97ff8,release/v2.1,alex_dev,development
PIPE-1065,Deploy,inventory-db-migrator_deploy_deve,Success,2026-08-15 18:36:00,c97ff8,release/v2.1,alex_dev,development
PIPE-1065,Integration-Test,inventory-db-migrator_integration-test_deve,Success,2026-08-15 18:41:00,c97ff8,release/v2.1,alex_dev,development
PIPE-1066,Build,web-frontend_build_stag,Success,2026-08-15 23:38:00,cde380,feature/auth-refresh,alex_dev,staging
PIPE-1066,Unit-Test,web-frontend_unit-test_stag,Success,2026-08-15 23:48:00,cde380,feature/auth-refresh,alex_dev,staging
PIPE-1066,Security-Scan,web-frontend_security-scan_stag,Success,2026-08-15 23:50:00,cde380,feature/auth-refresh,alex_dev,staging
PIPE-1066,Deploy,web-frontend_deploy_stag,Success,2026-08-15 23:56:00,cde380,feature/auth-refresh,alex_dev,staging
PIPE-1066,Integration-Test,web-frontend_integration-test_stag,Success,2026-08-16 00:07:00,cde380,feature/auth-refresh,alex_dev,staging
PIPE-1067,Build,user-profile_build_deve,Success,2026-08-16 04:31:00,c70c40,hotfix/payment-timeout,system_bot,development
PIPE-1067,Unit-Test,user-profile_unit-test_deve,Success,2026-08-16 04:39:00,c70c40,hotfix/payment-timeout,system_bot,development
PIPE-1067,Security-Scan,user-profile_security-scan_deve,Success,2026-08-16 04:46:00,c70c40,hotfix/payment-timeout,system_bot,development
PIPE-1067,Deploy,user-profile_deploy_deve,Success,2026-08-16 04:59:00,c70c40,hotfix/payment-timeout,system_bot,development
PIPE-1067,Integration-Test,user-profile_integration-test_deve,Success,2026-08-16 05:07:00,c70c40,hotfix/payment-timeout,system_bot,development
PIPE-1068,Build,inventory-db-migrator_build_prod,Success,2026-08-16 09:44:00,cccf3d,hotfix/payment-timeout,glory_ops,production
PIPE-1068,Unit-Test,inventory-db-migrator_unit-test_prod,Success,2026-08-16 09:58:00,cccf3d,hotfix/payment-timeout,glory_ops,production
PIPE-1068,Security-Scan,inventory-db-migrator_security-scan_prod,Success,2026-08-16 10:02:00,cccf3d,hotfix/payment-timeout,glory_ops,production
PIPE-1068,Deploy,inventory-db-migrator_deploy_prod,Failed,2026-08-16 10:04:00,cccf3d,hotfix/payment-timeout,glory_ops,production
PIPE-1068,Integration-Test,inventory-db-migrator_integration-test_prod,Skipped,2026-08-16 10:15:00,cccf3d,hotfix/payment-timeout,glory_ops,production
PIPE-1069,Build,cart-service_build_deve,Success,2026-08-16 11:56:00,c8d633,main,alex_dev,development
PIPE-1069,Unit-Test,cart-service_unit-test_deve,Success,2026-08-16 12:11:00,c8d633,main,alex_dev,development
PIPE-1069,Security-Scan,cart-service_security-scan_deve,Success,2026-08-16 12:15:00,c8d633,main,alex_dev,development
PIPE-1069,Deploy,cart-service_deploy_deve,Success,2026-08-16 12:29:00,c8d633,main,alex_dev,development
PIPE-1069,Integration-Test,cart-service_integration-test_deve,Success,2026-08-16 12:36:00,c8d633,main,alex_dev,development
PIPE-1070,Build,user-profile_build_prod,Success,2026-08-16 16:37:00,c79b24,main,glory_ops,production
PIPE-1070,Unit-Test,user-profile_unit-test_prod,Success,2026-08-16 16:51:00,c79b24,main,glory_ops,production
PIPE-1070,Security-Scan,user-profile_security-scan_prod,Failed,2026-08-16 17:01:00,c79b24,main,glory_ops,production
PIPE-1070,Deploy,user-profile_deploy_prod,Skipped,2026-08-16 17:04:00,c79b24,main,glory_ops,production
PIPE-1070,Integration-Test,user-profile_integration-test_prod,Skipped,2026-08-16 17:09:00,c79b24,main,glory_ops,production
PIPE-1071,Build,notification-worker_build_deve,Success,2026-08-16 19:29:00,c8782c,main,saanvi_lead,development
PIPE-1071,Unit-Test,notification-worker_unit-test_deve,Success,2026-08-16 19:44:00,c8782c,main,saanvi_lead,development
PIPE-1071,Security-Scan,notification-worker_security-scan_deve,Success,2026-08-16 19:48:00,c8782c,main,saanvi_lead,development
PIPE-1071,Deploy,notification-worker_deploy_deve,Success,2026-08-16 19:50:00,c8782c,main,saanvi_lead,development
PIPE-1071,Integration-Test,notification-worker_integration-test_deve,Success,2026-08-16 20:04:00,c8782c,main,saanvi_lead,development
PIPE-1072,Build,cart-service_build_prod,Success,2026-08-17 00:56:00,ca0648,release/v2.1,saanvi_lead,production
PIPE-1072,Unit-Test,cart-service_unit-test_prod,Success,2026-08-17 01:00:00,ca0648,release/v2.1,saanvi_lead,production
PIPE-1072,Security-Scan,cart-service_security-scan_prod,Success,2026-08-17 01:03:00,ca0648,release/v2.1,saanvi_lead,production
PIPE-1072,Deploy,cart-service_deploy_prod,Success,2026-08-17 01:11:00,ca0648,release/v2.1,saanvi_lead,production
PIPE-1072,Integration-Test,cart-service_integration-test_prod,Success,2026-08-17 01:16:00,ca0648,release/v2.1,saanvi_lead,production
PIPE-1073,Build,web-frontend_build_prod,Failed,2026-08-17 05:07:00,c8e106,feature/auth-refresh,jordan_qa,production
PIPE-1073,Unit-Test,web-frontend_unit-test_prod,Skipped,2026-08-17 05:21:00,c8e106,feature/auth-refresh,jordan_qa,production
PIPE-1073,Security-Scan,web-frontend_security-scan_prod,Skipped,2026-08-17 05:30:00,c8e106,feature/auth-refresh,jordan_qa,production
PIPE-1073,Deploy,web-frontend_deploy_prod,Skipped,2026-08-17 05:36:00,c8e106,feature/auth-refresh,jordan_qa,production
PIPE-1073,Integration-Test,web-frontend_integration-test_prod,Skipped,2026-08-17 05:48:00,c8e106,feature/auth-refresh,jordan_qa,production
PIPE-1074,Build,web-frontend_build_prod,Success,2026-08-17 09:40:00,caed51,feature/auth-refresh,jordan_qa,production
PIPE-1074,Unit-Test,web-frontend_unit-test_prod,Success,2026-08-17 09:53:00,caed51,feature/auth-refresh,jordan_qa,production
PIPE-1074,Security-Scan,web-frontend_security-scan_prod,Success,2026-08-17 10:08:00,caed51,feature/auth-refresh,jordan_qa,production
PIPE-1074,Deploy,web-frontend_deploy_prod,Success,2026-08-17 10:16:00,caed51,feature/auth-refresh,jordan_qa,production
PIPE-1074,Integration-Test,web-frontend_integration-test_prod,Success,2026-08-17 10:19:00,caed51,feature/auth-refresh,jordan_qa,production
PIPE-1075,Build,web-frontend_build_prod,Success,2026-08-17 17:13:00,c1e07d,feature/auth-refresh,glory_ops,production
PIPE-1075,Unit-Test,web-frontend_unit-test_prod,Success,2026-08-17 17:24:00,c1e07d,feature/auth-refresh,glory_ops,production
PIPE-1075,Security-Scan,web-frontend_security-scan_prod,Success,2026-08-17 17:38:00,c1e07d,feature/auth-refresh,glory_ops,production
PIPE-1075,Deploy,web-frontend_deploy_prod,Success,2026-08-17 17:40:00,c1e07d,feature/auth-refresh,glory_ops,production
PIPE-1075,Integration-Test,web-frontend_integration-test_prod,Success,2026-08-17 17:53:00,c1e07d,feature/auth-refresh,glory_ops,production
PIPE-1076,Build,cart-service_build_stag,Success,2026-08-18 00:35:00,c507aa,feature/auth-refresh,system_bot,staging
PIPE-1076,Unit-Test,cart-service_unit-test_stag,Success,2026-08-18 00:47:00,c507aa,feature/auth-refresh,system_bot,staging
PIPE-1076,Security-Scan,cart-service_security-scan_stag,Success,2026-08-18 01:01:00,c507aa,feature/auth-refresh,system_bot,staging
PIPE-1076,Deploy,cart-service_deploy_stag,Success,2026-08-18 01:16:00,c507aa,feature/auth-refresh,system_bot,staging
PIPE-1076,Integration-Test,cart-service_integration-test_stag,Success,2026-08-18 01:19:00,c507aa,feature/auth-refresh,system_bot,staging
PIPE-1077,Build,notification-worker_build_prod,Success,2026-08-18 05:49:00,cacc8f,main,jordan_qa,production
PIPE-1077,Unit-Test,notification-worker_unit-test_prod,Success,2026-08-18 05:55:00,cacc8f,main,jordan_qa,production
PIPE-1077,Security-Scan,notification-worker_security-scan_prod,Success,2026-08-18 06:03:00,cacc8f,main,jordan_qa,production
PIPE-1077,Deploy,notification-worker_deploy_prod,Success,2026-08-18 06:07:00,cacc8f,main,jordan_qa,production
PIPE-1077,Integration-Test,notification-worker_integration-test_prod,Success,2026-08-18 06:14:00,cacc8f,main,jordan_qa,production
PIPE-1078,Build,cart-service_build_deve,Success,2026-08-18 10:43:00,cd7888,feature/auth-refresh,jordan_qa,development
PIPE-1078,Unit-Test,cart-service_unit-test_deve,Success,2026-08-18 10:46:00,cd7888,feature/auth-refresh,jordan_qa,development
PIPE-1078,Security-Scan,cart-service_security-scan_deve,Success,2026-08-18 10:51:00,cd7888,feature/auth-refresh,jordan_qa,development
PIPE-1078,Deploy,cart-service_deploy_deve,Success,2026-08-18 11:04:00,cd7888,feature/auth-refresh,jordan_qa,development
PIPE-1078,Integration-Test,cart-service_integration-test_deve,Success,2026-08-18 11:12:00,cd7888,feature/auth-refresh,jordan_qa,development
PIPE-1079,Build,inventory-db-migrator_build_prod,Success,2026-08-18 14:54:00,c1bfa2,hotfix/payment-timeout,alex_dev,production
PIPE-1079,Unit-Test,inventory-db-migrator_unit-test_prod,Success,2026-08-18 15:01:00,c1bfa2,hotfix/payment-timeout,alex_dev,production
PIPE-1079,Security-Scan,inventory-db-migrator_security-scan_prod,Success,2026-08-18 15:13:00,c1bfa2,hotfix/payment-timeout,alex_dev,production
PIPE-1079,Deploy,inventory-db-migrator_deploy_prod,Success,2026-08-18 15:21:00,c1bfa2,hotfix/payment-timeout,alex_dev,production
PIPE-1079,Integration-Test,inventory-db-migrator_integration-test_prod,Success,2026-08-18 15:28:00,c1bfa2,hotfix/payment-timeout,alex_dev,production
PIPE-1080,Build,payment-api_build_prod,Success,2026-08-18 22:01:00,c6c623,main,system_bot,production
PIPE-1080,Unit-Test,payment-api_unit-test_prod,Success,2026-08-18 22:13:00,c6c623,main,system_bot,production
PIPE-1080,Security-Scan,payment-api_security-scan_prod,Success,2026-08-18 22:26:00,c6c623,main,system_bot,production
PIPE-1080,Deploy,payment-api_deploy_prod,Failed,2026-08-18 22:34:00,c6c623,main,system_bot,production
PIPE-1080,Integration-Test,payment-api_integration-test_prod,Skipped,2026-08-18 22:36:00,c6c623,main,system_bot,production
PIPE-1081,Build,auth-service_build_prod,Success,2026-08-19 02:06:00,c314b9,main,jordan_qa,production
PIPE-1081,Unit-Test,auth-service_unit-test_prod,Success,2026-08-19 02:15:00,c314b9,main,jordan_qa,production
PIPE-1081,Security-Scan,auth-service_security-scan_prod,Success,2026-08-19 02:28:00,c314b9,main,jordan_qa,production
PIPE-1081,Deploy,auth-service_deploy_prod,Success,2026-08-19 02:38:00,c314b9,main,jordan_qa,production
PIPE-1081,Integration-Test,auth-service_integration-test_prod,Success,2026-08-19 02:51:00,c314b9,main,jordan_qa,production
PIPE-1082,Build,user-profile_build_deve,Success,2026-08-19 04:25:00,c60070,hotfix/payment-timeout,system_bot,development
PIPE-1082,Unit-Test,user-profile_unit-test_deve,Success,2026-08-19 04:34:00,c60070,hotfix/payment-timeout,system_bot,development
PIPE-1082,Security-Scan,user-profile_security-scan_deve,Success,2026-08-19 04:39:00,c60070,hotfix/payment-timeout,system_bot,development
PIPE-1082,Deploy,user-profile_deploy_deve,Success,2026-08-19 04:42:00,c60070,hotfix/payment-timeout,system_bot,development
PIPE-1082,Integration-Test,user-profile_integration-test_deve,Success,2026-08-19 04:49:00,c60070,hotfix/payment-timeout,system_bot,development
PIPE-1083,Build,notification-worker_build_prod,Success,2026-08-19 07:29:00,c49014,feature/auth-refresh,jordan_qa,production
PIPE-1083,Unit-Test,notification-worker_unit-test_prod,Success,2026-08-19 07:32:00,c49014,feature/auth-refresh,jordan_qa,production
PIPE-1083,Security-Scan,notification-worker_security-scan_prod,Success,2026-08-19 07:44:00,c49014,feature/auth-refresh,jordan_qa,production
PIPE-1083,Deploy,notification-worker_deploy_prod,Failed,2026-08-19 07:46:00,c49014,feature/auth-refresh,jordan_qa,production
PIPE-1083,Integration-Test,notification-worker_integration-test_prod,Skipped,2026-08-19 07:53:00,c49014,feature/auth-refresh,jordan_qa,production
PIPE-1084,Build,payment-api_build_stag,Success,2026-08-19 14:19:00,c4d724,main,alex_dev,staging
PIPE-1084,Unit-Test,payment-api_unit-test_stag,Success,2026-08-19 14:24:00,c4d724,main,alex_dev,staging
PIPE-1084,Security-Scan,payment-api_security-scan_stag,Success,2026-08-19 14:28:00,c4d724,main,alex_dev,staging
PIPE-1084,Deploy,payment-api_deploy_stag,Success,2026-08-19 14:39:00,c4d724,main,alex_dev,staging
PIPE-1084,Integration-Test,payment-api_integration-test_stag,Success,2026-08-19 14:54:00,c4d724,main,alex_dev,staging
PIPE-1085,Build,payment-api_build_prod,Failed,2026-08-19 16:31:00,cc1a51,main,saanvi_lead,production
PIPE-1085,Unit-Test,payment-api_unit-test_prod,Skipped,2026-08-19 16:45:00,cc1a51,main,saanvi_lead,production
PIPE-1085,Security-Scan,payment-api_security-scan_prod,Skipped,2026-08-19 16:59:00,cc1a51,main,saanvi_lead,production
PIPE-1085,Deploy,payment-api_deploy_prod,Skipped,2026-08-19 17:04:00,cc1a51,main,saanvi_lead,production
PIPE-1085,Integration-Test,payment-api_integration-test_prod,Skipped,2026-08-19 17:15:00,cc1a51,main,saanvi_lead,production
PIPE-1086,Build,cart-service_build_prod,Success,2026-08-19 22:12:00,c38dd3,main,glory_ops,production
PIPE-1086,Unit-Test,cart-service_unit-test_prod,Success,2026-08-19 22:15:00,c38dd3,main,glory_ops,production
PIPE-1086,Security-Scan,cart-service_security-scan_prod,Success,2026-08-19 22:29:00,c38dd3,main,glory_ops,production
PIPE-1086,Deploy,cart-service_deploy_prod,Failed,2026-08-19 22:40:00,c38dd3,main,glory_ops,production
PIPE-1086,Integration-Test,cart-service_integration-test_prod,Skipped,2026-08-19 22:50:00,c38dd3,main,glory_ops,production
PIPE-1087,Build,payment-api_build_stag,Success,2026-08-20 04:08:00,c65a1a,main,maya_eng,staging
PIPE-1087,Unit-Test,payment-api_unit-test_stag,Success,2026-08-20 04:10:00,c65a1a,main,maya_eng,staging
PIPE-1087,Security-Scan,payment-api_security-scan_stag,Success,2026-08-20 04:25:00,c65a1a,main,maya_eng,staging
PIPE-1087,Deploy,payment-api_deploy_stag,Success,2026-08-20 04:37:00,c65a1a,main,maya_eng,staging
PIPE-1087,Integration-Test,payment-api_integration-test_stag,Success,2026-08-20 04:50:00,c65a1a,main,maya_eng,staging
PIPE-1088,Build,auth-service_build_deve,Success,2026-08-20 07:06:00,c293a8,release/v2.1,system_bot,development
PIPE-1088,Unit-Test,auth-service_unit-test_deve,Success,2026-08-20 07:17:00,c293a8,release/v2.1,system_bot,development
PIPE-1088,Security-Scan,auth-service_security-scan_deve,Success,2026-08-20 07:24:00,c293a8,release/v2.1,system_bot,development
PIPE-1088,Deploy,auth-service_deploy_deve,Success,2026-08-20 07:35:00,c293a8,release/v2.1,system_bot,development
PIPE-1088,Integration-Test,auth-service_integration-test_deve,Success,2026-08-20 07:44:00,c293a8,release/v2.1,system_bot,development
PIPE-1089,Build,user-profile_build_prod,Success,2026-08-20 14:47:00,cf2ba9,main,maya_eng,production
PIPE-1089,Unit-Test,user-profile_unit-test_prod,Success,2026-08-20 14:57:00,cf2ba9,main,maya_eng,production
PIPE-1089,Security-Scan,user-profile_security-scan_prod,Success,2026-08-20 15:02:00,cf2ba9,main,maya_eng,production
PIPE-1089,Deploy,user-profile_deploy_prod,Success,2026-08-20 15:07:00,cf2ba9,main,maya_eng,production
PIPE-1089,Integration-Test,user-profile_integration-test_prod,Success,2026-08-20 15:22:00,cf2ba9,main,maya_eng,production
PIPE-1090,Build,user-profile_build_deve,Success,2026-08-20 18:52:00,cc2ae8,feature/auth-refresh,jordan_qa,development
PIPE-1090,Unit-Test,user-profile_unit-test_deve,Success,2026-08-20 19:04:00,cc2ae8,feature/auth-refresh,jordan_qa,development
PIPE-1090,Security-Scan,user-profile_security-scan_deve,Success,2026-08-20 19:07:00,cc2ae8,feature/auth-refresh,jordan_qa,development
PIPE-1090,Deploy,user-profile_deploy_deve,Success,2026-08-20 19:10:00,cc2ae8,feature/auth-refresh,jordan_qa,development
PIPE-1090,Integration-Test,user-profile_integration-test_deve,Success,2026-08-20 19:13:00,cc2ae8,feature/auth-refresh,jordan_qa,development
PIPE-1091,Build,cart-service_build_stag,Success,2026-08-20 23:45:00,ca8347,main,system_bot,staging
PIPE-1091,Unit-Test,cart-service_unit-test_stag,Success,2026-08-20 23:52:00,ca8347,main,system_bot,staging
PIPE-1091,Security-Scan,cart-service_security-scan_stag,Success,2026-08-21 00:06:00,ca8347,main,system_bot,staging
PIPE-1091,Deploy,cart-service_deploy_stag,Success,2026-08-21 00:19:00,ca8347,main,system_bot,staging
PIPE-1091,Integration-Test,cart-service_integration-test_stag,Success,2026-08-21 00:25:00,ca8347,main,system_bot,staging
PIPE-1092,Build,cart-service_build_prod,Success,2026-08-21 07:18:00,c40066,release/v2.1,system_bot,production
PIPE-1092,Unit-Test,cart-service_unit-test_prod,Success,2026-08-21 07:21:00,c40066,release/v2.1,system_bot,production
PIPE-1092,Security-Scan,cart-service_security-scan_prod,Success,2026-08-21 07:31:00,c40066,release/v2.1,system_bot,production
PIPE-1092,Deploy,cart-service_deploy_prod,Success,2026-08-21 07:45:00,c40066,release/v2.1,system_bot,production
PIPE-1092,Integration-Test,cart-service_integration-test_prod,Success,2026-08-21 07:50:00,c40066,release/v2.1,system_bot,production
PIPE-1093,Build,inventory-db-migrator_build_prod,Failed,2026-08-21 14:48:00,cc5354,main,system_bot,production
PIPE-1093,Unit-Test,inventory-db-migrator_unit-test_prod,Skipped,2026-08-21 15:00:00,cc5354,main,system_bot,production
PIPE-1093,Security-Scan,inventory-db-migrator_security-scan_prod,Skipped,2026-08-21 15:15:00,cc5354,main,system_bot,production
PIPE-1093,Deploy,inventory-db-migrator_deploy_prod,Skipped,2026-08-21 15:28:00,cc5354,main,system_bot,production
PIPE-1093,Integration-Test,inventory-db-migrator_integration-test_prod,Skipped,2026-08-21 15:34:00,cc5354,main,system_bot,production
PIPE-1094,Build,auth-service_build_prod,Success,2026-08-21 19:39:00,c6f68b,feature/auth-refresh,maya_eng,production
PIPE-1094,Unit-Test,auth-service_unit-test_prod,Success,2026-08-21 19:43:00,c6f68b,feature/auth-refresh,maya_eng,production
PIPE-1094,Security-Scan,auth-service_security-scan_prod,Success,2026-08-21 19:51:00,c6f68b,feature/auth-refresh,maya_eng,production
PIPE-1094,Deploy,auth-service_deploy_prod,Success,2026-08-21 20:04:00,c6f68b,feature/auth-refresh,maya_eng,production
PIPE-1094,Integration-Test,auth-service_integration-test_prod,Success,2026-08-21 20:06:00,c6f68b,feature/auth-refresh,maya_eng,production
PIPE-1095,Build,web-frontend_build_prod,Success,2026-08-21 23:04:00,c6faef,hotfix/payment-timeout,jordan_qa,production
PIPE-1095,Unit-Test,web-frontend_unit-test_prod,Success,2026-08-21 23:11:00,c6faef,hotfix/payment-timeout,jordan_qa,production
PIPE-1095,Security-Scan,web-frontend_security-scan_prod,Success,2026-08-21 23:22:00,c6faef,hotfix/payment-timeout,jordan_qa,production
PIPE-1095,Deploy,web-frontend_deploy_prod,Failed,2026-08-21 23:24:00,c6faef,hotfix/payment-timeout,jordan_qa,production
PIPE-1095,Integration-Test,web-frontend_integration-test_prod,Skipped,2026-08-21 23:38:00,c6faef,hotfix/payment-timeout,jordan_qa,production
PIPE-1096,Build,web-frontend_build_prod,Success,2026-08-22 06:43:00,c89d9d,feature/auth-refresh,alex_dev,production
PIPE-1096,Unit-Test,web-frontend_unit-test_prod,Success,2026-08-22 06:52:00,c89d9d,feature/auth-refresh,alex_dev,production
PIPE-1096,Security-Scan,web-frontend_security-scan_prod,Success,2026-08-22 06:57:00,c89d9d,feature/auth-refresh,alex_dev,production
PIPE-1096,Deploy,web-frontend_deploy_prod,Success,2026-08-22 07:00:00,c89d9d,feature/auth-refresh,alex_dev,production
PIPE-1096,Integration-Test,web-frontend_integration-test_prod,Success,2026-08-22 07:03:00,c89d9d,feature/auth-refresh,alex_dev,production
PIPE-1097,Build,notification-worker_build_prod,Success,2026-08-22 10:35:00,c240a7,feature/auth-refresh,system_bot,production
PIPE-1097,Unit-Test,notification-worker_unit-test_prod,Failed,2026-08-22 10:37:00,c240a7,feature/auth-refresh,system_bot,production
PIPE-1097,Security-Scan,notification-worker_security-scan_prod,Skipped,2026-08-22 10:43:00,c240a7,feature/auth-refresh,system_bot,production
PIPE-1097,Deploy,notification-worker_deploy_prod,Skipped,2026-08-22 10:48:00,c240a7,feature/auth-refresh,system_bot,production
PIPE-1097,Integration-Test,notification-worker_integration-test_prod,Skipped,2026-08-22 11:02:00,c240a7,feature/auth-refresh,system_bot,production
PIPE-1098,Build,payment-api_build_deve,Success,2026-08-22 16:54:00,c1a649,main,glory_ops,development
PIPE-1098,Unit-Test,payment-api_unit-test_deve,Success,2026-08-22 16:58:00,c1a649,main,glory_ops,development
PIPE-1098,Security-Scan,payment-api_security-scan_deve,Success,2026-08-22 17:11:00,c1a649,main,glory_ops,development
PIPE-1098,Deploy,payment-api_deploy_deve,Success,2026-08-22 17:21:00,c1a649,main,glory_ops,development
PIPE-1098,Integration-Test,payment-api_integration-test_deve,Success,2026-08-22 17:35:00,c1a649,main,glory_ops,development
PIPE-1099,Build,user-profile_build_stag,Success,2026-08-22 19:35:00,c8e1c7,main,jordan_qa,staging
PIPE-1099,Unit-Test,user-profile_unit-test_stag,Success,2026-08-22 19:43:00,c8e1c7,main,jordan_qa,staging
PIPE-1099,Security-Scan,user-profile_security-scan_stag,Success,2026-08-22 19:56:00,c8e1c7,main,jordan_qa,staging
PIPE-1099,Deploy,user-profile_deploy_stag,Success,2026-08-22 20:02:00,c8e1c7,main,jordan_qa,staging
PIPE-1099,Integration-Test,user-profile_integration-test_stag,Success,2026-08-22 20:04:00,c8e1c7,main,jordan_qa,staging
PIPE-1100,Build,payment-api_build_deve,Success,2026-08-23 01:18:00,c2ef9a,feature/auth-refresh,maya_eng,development
PIPE-1100,Unit-Test,payment-api_unit-test_deve,Success,2026-08-23 01:26:00,c2ef9a,feature/auth-refresh,maya_eng,development
PIPE-1100,Security-Scan,payment-api_security-scan_deve,Success,2026-08-23 01:36:00,c2ef9a,feature/auth-refresh,maya_eng,development
PIPE-1100,Deploy,payment-api_deploy_deve,Success,2026-08-23 01:51:00,c2ef9a,feature/auth-refresh,maya_eng,development
PIPE-1100,Integration-Test,payment-api_integration-test_deve,Success,2026-08-23 01:58:00,c2ef9a,feature/auth-refresh,maya_eng,development
PIPE-1101,Build,inventory-db-migrator_build_prod,Success,2026-08-23 07:29:00,ca03fb,main,system_bot,production
PIPE-1101,Unit-Test,inventory-db-migrator_unit-test_prod,Success,2026-08-23 07:36:00,ca03fb,main,system_bot,production
PIPE-1101,Security-Scan,inventory-db-migrator_security-scan_prod,Success,2026-08-23 07:51:00,ca03fb,main,system_bot,production
PIPE-1101,Deploy,inventory-db-migrator_deploy_prod,Failed,2026-08-23 07:55:00,ca03fb,main,system_bot,production
PIPE-1101,Integration-Test,inventory-db-migrator_integration-test_prod,Skipped,2026-08-23 07:59:00,ca03fb,main,system_bot,production
PIPE-1102,Build,cart-service_build_prod,Success,2026-08-23 15:02:00,cdb077,release/v2.1,system_bot,production
PIPE-1102,Unit-Test,cart-service_unit-test_prod,Success,2026-08-23 15:16:00,cdb077,release/v2.1,system_bot,production
PIPE-1102,Security-Scan,cart-service_security-scan_prod,Success,2026-08-23 15:25:00,cdb077,release/v2.1,system_bot,production
PIPE-1102,Deploy,cart-service_deploy_prod,Success,2026-08-23 15:39:00,cdb077,release/v2.1,system_bot,production
PIPE-1102,Integration-Test,cart-service_integration-test_prod,Success,2026-08-23 15:51:00,cdb077,release/v2.1,system_bot,production
PIPE-1103,Build,web-frontend_build_prod,Success,2026-08-23 19:44:00,cb8fb5,feature/auth-refresh,system_bot,production
PIPE-1103,Unit-Test,web-frontend_unit-test_prod,Success,2026-08-23 19:53:00,cb8fb5,feature/auth-refresh,system_bot,production
PIPE-1103,Security-Scan,web-frontend_security-scan_prod,Success,2026-08-23 19:59:00,cb8fb5,feature/auth-refresh,system_bot,production
PIPE-1103,Deploy,web-frontend_deploy_prod,Failed,2026-08-23 20:10:00,cb8fb5,feature/auth-refresh,system_bot,production
PIPE-1103,Integration-Test,web-frontend_integration-test_prod,Skipped,2026-08-23 20:20:00,cb8fb5,feature/auth-refresh,system_bot,production
PIPE-1104,Build,auth-service_build_prod,Success,2026-08-24 01:03:00,c26fa5,main,jordan_qa,production
PIPE-1104,Unit-Test,auth-service_unit-test_prod,Success,2026-08-24 01:15:00,c26fa5,main,jordan_qa,production
PIPE-1104,Security-Scan,auth-service_security-scan_prod,Success,2026-08-24 01:30:00,c26fa5,main,jordan_qa,production
PIPE-1104,Deploy,auth-service_deploy_prod,Success,2026-08-24 01:41:00,c26fa5,main,jordan_qa,production
PIPE-1104,Integration-Test,auth-service_integration-test_prod,Success,2026-08-24 01:50:00,c26fa5,main,jordan_qa,production
PIPE-1105,Build,inventory-db-migrator_build_stag,Success,2026-08-24 04:31:00,cbf48d,main,jordan_qa,staging
PIPE-1105,Unit-Test,inventory-db-migrator_unit-test_stag,Success,2026-08-24 04:41:00,cbf48d,main,jordan_qa,staging
PIPE-1105,Security-Scan,inventory-db-migrator_security-scan_stag,Success,2026-08-24 04:43:00,cbf48d,main,jordan_qa,staging
PIPE-1105,Deploy,inventory-db-migrator_deploy_stag,Success,2026-08-24 04:57:00,cbf48d,main,jordan_qa,staging
PIPE-1105,Integration-Test,inventory-db-migrator_integration-test_stag,Success,2026-08-24 05:04:00,cbf48d,main,jordan_qa,staging
PIPE-1106,Build,auth-service_build_prod,Success,2026-08-24 10:17:00,c57d62,main,saanvi_lead,production
PIPE-1106,Unit-Test,auth-service_unit-test_prod,Success,2026-08-24 10:28:00,c57d62,main,saanvi_lead,production
PIPE-1106,Security-Scan,auth-service_security-scan_prod,Success,2026-08-24 10:35:00,c57d62,main,saanvi_lead,production
PIPE-1106,Deploy,auth-service_deploy_prod,Success,2026-08-24 10:43:00,c57d62,main,saanvi_lead,production
PIPE-1106,Integration-Test,auth-service_integration-test_prod,Success,2026-08-24 10:50:00,c57d62,main,saanvi_lead,production
PIPE-1107,Build,auth-service_build_deve,Success,2026-08-24 17:05:00,c309b8,feature/auth-refresh,alex_dev,development
PIPE-1107,Unit-Test,auth-service_unit-test_deve,Success,2026-08-24 17:11:00,c309b8,feature/auth-refresh,alex_dev,development
PIPE-1107,Security-Scan,auth-service_security-scan_deve,Success,2026-08-24 17:23:00,c309b8,feature/auth-refresh,alex_dev,development
PIPE-1107,Deploy,auth-service_deploy_deve,Success,2026-08-24 17:34:00,c309b8,feature/auth-refresh,alex_dev,development
PIPE-1107,Integration-Test,auth-service_integration-test_deve,Success,2026-08-24 17:41:00,c309b8,feature/auth-refresh,alex_dev,development
PIPE-1108,Build,notification-worker_build_prod,Success,2026-08-25 01:02:00,cc05d3,feature/auth-refresh,glory_ops,production
PIPE-1108,Unit-Test,notification-worker_unit-test_prod,Success,2026-08-25 01:13:00,cc05d3,feature/auth-refresh,glory_ops,production
PIPE-1108,Security-Scan,notification-worker_security-scan_prod,Success,2026-08-25 01:16:00,cc05d3,feature/auth-refresh,glory_ops,production
PIPE-1108,Deploy,notification-worker_deploy_prod,Success,2026-08-25 01:24:00,cc05d3,feature/auth-refresh,glory_ops,production
PIPE-1108,Integration-Test,notification-worker_integration-test_prod,Success,2026-08-25 01:31:00,cc05d3,feature/auth-refresh,glory_ops,production
PIPE-1109,Build,notification-worker_build_stag,Success,2026-08-25 05:57:00,c9a964,hotfix/payment-timeout,maya_eng,staging
PIPE-1109,Unit-Test,notification-worker_unit-test_stag,Success,2026-08-25 06:01:00,c9a964,hotfix/payment-timeout,maya_eng,staging
PIPE-1109,Security-Scan,notification-worker_security-scan_stag,Success,2026-08-25 06:08:00,c9a964,hotfix/payment-timeout,maya_eng,staging
PIPE-1109,Deploy,notification-worker_deploy_stag,Success,2026-08-25 06:17:00,c9a964,hotfix/payment-timeout,maya_eng,staging
PIPE-1109,Integration-Test,notification-worker_integration-test_stag,Success,2026-08-25 06:21:00,c9a964,hotfix/payment-timeout,maya_eng,staging
PIPE-1110,Build,cart-service_build_stag,Success,2026-08-25 12:26:00,cee346,main,system_bot,staging
PIPE-1110,Unit-Test,cart-service_unit-test_stag,Success,2026-08-25 12:40:00,cee346,main,system_bot,staging
PIPE-1110,Security-Scan,cart-service_security-scan_stag,Success,2026-08-25 12:51:00,cee346,main,system_bot,staging
PIPE-1110,Deploy,cart-service_deploy_stag,Success,2026-08-25 12:55:00,cee346,main,system_bot,staging
PIPE-1110,Integration-Test,cart-service_integration-test_stag,Success,2026-08-25 13:08:00,cee346,main,system_bot,staging
PIPE-1111,Build,inventory-db-migrator_build_deve,Success,2026-08-25 20:23:00,c75acb,hotfix/payment-timeout,alex_dev,development
PIPE-1111,Unit-Test,inventory-db-migrator_unit-test_deve,Success,2026-08-25 20:32:00,c75acb,hotfix/payment-timeout,alex_dev,development
PIPE-1111,Security-Scan,inventory-db-migrator_security-scan_deve,Success,2026-08-25 20:46:00,c75acb,hotfix/payment-timeout,alex_dev,development
PIPE-1111,Deploy,inventory-db-migrator_deploy_deve,Success,2026-08-25 20:55:00,c75acb,hotfix/payment-timeout,alex_dev,development
PIPE-1111,Integration-Test,inventory-db-migrator_integration-test_deve,Success,2026-08-25 21:00:00,c75acb,hotfix/payment-timeout,alex_dev,development
PIPE-1112,Build,inventory-db-migrator_build_stag,Success,2026-08-26 02:20:00,c8934f,main,glory_ops,staging
PIPE-1112,Unit-Test,inventory-db-migrator_unit-test_stag,Success,2026-08-26 02:28:00,c8934f,main,glory_ops,staging
PIPE-1112,Security-Scan,inventory-db-migrator_security-scan_stag,Success,2026-08-26 02:36:00,c8934f,main,glory_ops,staging
PIPE-1112,Deploy,inventory-db-migrator_deploy_stag,Success,2026-08-26 02:51:00,c8934f,main,glory_ops,staging
PIPE-1112,Integration-Test,inventory-db-migrator_integration-test_stag,Success,2026-08-26 03:02:00,c8934f,main,glory_ops,staging
PIPE-1113,Build,cart-service_build_prod,Success,2026-08-26 05:11:00,ca6606,feature/auth-refresh,jordan_qa,production
PIPE-1113,Unit-Test,cart-service_unit-test_prod,Success,2026-08-26 05:26:00,ca6606,feature/auth-refresh,jordan_qa,production
PIPE-1113,Security-Scan,cart-service_security-scan_prod,Success,2026-08-26 05:29:00,ca6606,feature/auth-refresh,jordan_qa,production
PIPE-1113,Deploy,cart-service_deploy_prod,Success,2026-08-26 05:35:00,ca6606,feature/auth-refresh,jordan_qa,production
PIPE-1113,Integration-Test,cart-service_integration-test_prod,Success,2026-08-26 05:45:00,ca6606,feature/auth-refresh,jordan_qa,production
PIPE-1114,Build,user-profile_build_prod,Success,2026-08-26 07:19:00,c71e86,hotfix/payment-timeout,saanvi_lead,production
PIPE-1114,Unit-Test,user-profile_unit-test_prod,Success,2026-08-26 07:29:00,c71e86,hotfix/payment-timeout,saanvi_lead,production
PIPE-1114,Security-Scan,user-profile_security-scan_prod,Success,2026-08-26 07:37:00,c71e86,hotfix/payment-timeout,saanvi_lead,production
PIPE-1114,Deploy,user-profile_deploy_prod,Success,2026-08-26 07:44:00,c71e86,hotfix/payment-timeout,saanvi_lead,production
PIPE-1114,Integration-Test,user-profile_integration-test_prod,Success,2026-08-26 07:51:00,c71e86,hotfix/payment-timeout,saanvi_lead,production
PIPE-1115,Build,inventory-db-migrator_build_deve,Success,2026-08-26 11:52:00,c22383,release/v2.1,saanvi_lead,development
PIPE-1115,Unit-Test,inventory-db-migrator_unit-test_deve,Success,2026-08-26 12:07:00,c22383,release/v2.1,saanvi_lead,development
PIPE-1115,Security-Scan,inventory-db-migrator_security-scan_deve,Success,2026-08-26 12:20:00,c22383,release/v2.1,saanvi_lead,development
PIPE-1115,Deploy,inventory-db-migrator_deploy_deve,Success,2026-08-26 12:31:00,c22383,release/v2.1,saanvi_lead,development
PIPE-1115,Integration-Test,inventory-db-migrator_integration-test_deve,Failed,2026-08-26 12:34:00,c22383,release/v2.1,saanvi_lead,development
PIPE-1116,Build,payment-api_build_deve,Failed,2026-08-26 16:14:00,c553ff,feature/auth-refresh,alex_dev,development
PIPE-1116,Unit-Test,payment-api_unit-test_deve,Skipped,2026-08-26 16:22:00,c553ff,feature/auth-refresh,alex_dev,development
PIPE-1116,Security-Scan,payment-api_security-scan_deve,Skipped,2026-08-26 16:34:00,c553ff,feature/auth-refresh,alex_dev,development
PIPE-1116,Deploy,payment-api_deploy_deve,Skipped,2026-08-26 16:48:00,c553ff,feature/auth-refresh,alex_dev,development
PIPE-1116,Integration-Test,payment-api_integration-test_deve,Skipped,2026-08-26 16:59:00,c553ff,feature/auth-refresh,alex_dev,development
PIPE-1117,Build,user-profile_build_prod,Success,2026-08-26 18:31:00,ca1a4d,main,jordan_qa,production
PIPE-1117,Unit-Test,user-profile_unit-test_prod,Success,2026-08-26 18:36:00,ca1a4d,main,jordan_qa,production
PIPE-1117,Security-Scan,user-profile_security-scan_prod,Success,2026-08-26 18:42:00,ca1a4d,main,jordan_qa,production
PIPE-1117,Deploy,user-profile_deploy_prod,Success,2026-08-26 18:53:00,ca1a4d,main,jordan_qa,production
PIPE-1117,Integration-Test,user-profile_integration-test_prod,Success,2026-08-26 19:04:00,ca1a4d,main,jordan_qa,production
PIPE-1118,Build,notification-worker_build_deve,Success,2026-08-27 00:52:00,ca3b2f,main,alex_dev,development
PIPE-1118,Unit-Test,notification-worker_unit-test_deve,Failed,2026-08-27 01:02:00,ca3b2f,main,alex_dev,development
PIPE-1118,Security-Scan,notification-worker_security-scan_deve,Skipped,2026-08-27 01:17:00,ca3b2f,main,alex_dev,development
PIPE-1118,Deploy,notification-worker_deploy_deve,Skipped,2026-08-27 01:26:00,ca3b2f,main,alex_dev,development
PIPE-1118,Integration-Test,notification-worker_integration-test_deve,Skipped,2026-08-27 01:28:00,ca3b2f,main,alex_dev,development
PIPE-1119,Build,notification-worker_build_prod,Success,2026-08-27 02:53:00,cd7ba2,feature/auth-refresh,glory_ops,production
PIPE-1119,Unit-Test,notification-worker_unit-test_prod,Success,2026-08-27 03:00:00,cd7ba2,feature/auth-refresh,glory_ops,production
PIPE-1119,Security-Scan,notification-worker_security-scan_prod,Success,2026-08-27 03:12:00,cd7ba2,feature/auth-refresh,glory_ops,production
PIPE-1119,Deploy,notification-worker_deploy_prod,Success,2026-08-27 03:26:00,cd7ba2,feature/auth-refresh,glory_ops,production
PIPE-1119,Integration-Test,notification-worker_integration-test_prod,Success,2026-08-27 03:40:00,cd7ba2,feature/auth-refresh,glory_ops,production
PIPE-1120,Build,auth-service_build_prod,Success,2026-08-27 10:45:00,cecfe0,release/v2.1,glory_ops,production
PIPE-1120,Unit-Test,auth-service_unit-test_prod,Success,2026-08-27 10:54:00,cecfe0,release/v2.1,glory_ops,production
PIPE-1120,Security-Scan,auth-service_security-scan_prod,Success,2026-08-27 11:08:00,cecfe0,release/v2.1,glory_ops,production
PIPE-1120,Deploy,auth-service_deploy_prod,Success,2026-08-27 11:21:00,cecfe0,release/v2.1,glory_ops,production
PIPE-1120,Integration-Test,auth-service_integration-test_prod,Failed,2026-08-27 11:30:00,cecfe0,release/v2.1,glory_ops,production
